idx,smiles,ClinTox,group,img_path
0.0,Clc1ccccc1C(c1ccccc1)(c1ccccc1)n1ccnc1,1.0,train,../data/images/ClinTox/0.png
1.0,O=C([O-])CCCc1ccccc1,1.0,train,../data/images/ClinTox/1.png
2.0,C=C1/C(=C\C=C2/CCC[C@]3(C)[C@@H]([C@H](C)CCCC(C)(C)O)CC[C@@H]23)C[C@@H](O)C[C@@H]1O,0.0,train,../data/images/ClinTox/2.png
3.0,COc1cc2c(Nc3ccc(Br)cc3F)ncnc2cc1OCC1CC[NH+](C)CC1,1.0,train,../data/images/ClinTox/3.png
4.0,C[NH+](C)CC/C=C1/c2ccccc2Sc2ccc(Cl)cc21,1.0,train,../data/images/ClinTox/4.png
5.0,C/C1=C2/N=C(/C=C3\N/C(=C(/C)C4=N[C@@](C)(C5N=C1[C@](C)(CCC(=O)NC[C@H](C)OP(=O)([O-])O[C@H]1[C@@H](O)[C@@H](n6cnc7cc(C)c(C)cc76)O[C@@H]1CO)[C@H]5CC(N)=O)[C@@](C)(CC(N)=O)[C@@H]4CCC(N)=O)[C@@](C)(CC(N)=O)[C@@H]3CCC(N)=O)C(C)(C)[C@@H]2CCC(N)=O,1.0,train,../data/images/ClinTox/5.png
6.0,O=C([O-])COCC[NH+]1CCN([C@H](c2ccccc2)c2ccc(Cl)cc2)CC1,1.0,train,../data/images/ClinTox/6.png
7.0,Cc1cccc(C)c1OCC(C)[NH3+],1.0,train,../data/images/ClinTox/7.png
8.0,C=C(CC)C(=O)c1ccc(OCC(=O)[O-])c(Cl)c1Cl,1.0,train,../data/images/ClinTox/8.png
9.0,CC(/N=C(\NC#N)Nc1cc[nH+]cc1)C(C)(C)C,1.0,train,../data/images/ClinTox/9.png
10.0,Cc1cccc(C)c1NC(=O)C1CCCC[NH+]1C,1.0,train,../data/images/ClinTox/10.png
11.0,Nc1cc(Cl)c(NC2=[NH+]CCN2)c(Cl)c1,1.0,train,../data/images/ClinTox/11.png
12.0,CCOC(=O)C1(c2ccccc2)CC[NH+](CCC(C#N)(c2ccccc2)c2ccccc2)CC1,1.0,train,../data/images/ClinTox/12.png
13.0,O=P([O-])([O-])C(O)(Cn1ccnc1)P(=O)([O-])[O-],1.0,train,../data/images/ClinTox/13.png
14.0,C=CC[NH+]1CC[C@]23CCCC[C@H]2[C@H]1Cc1ccc(O)cc13,1.0,train,../data/images/ClinTox/14.png
15.0,CCC(=O)N(c1ccccc1)C1CC[NH+](CCc2ccccc2)CC1,1.0,train,../data/images/ClinTox/15.png
16.0,CC(=O)O[C@H]1C[C@@H]2CC[C@@H]3[C@H](CC[C@@]4(C)[C@H]3C[C@H]([N+]3(C)CCCCC3)[C@@H]4OC(C)=O)[C@@]2(C)C[C@@H]1[N+]1(C)CCCCC1,1.0,train,../data/images/ClinTox/16.png
17.0,CC(C[N+](C)(C)C)OC(N)=O,1.0,train,../data/images/ClinTox/17.png
18.0,CCOc1cc(CC(=O)N[C@@H](CC(C)C)c2ccccc2N2CCCCC2)ccc1C(=O)[O-],1.0,train,../data/images/ClinTox/18.png
19.0,CCC1NC(=O)c2cc(S(N)(=O)=O)c(Cl)cc2N1,1.0,train,../data/images/ClinTox/19.png
20.0,CC[C@H](C)[C@@H]1NC(=O)[C@H](Cc2ccc(O)cc2)NC(=O)[C@@H]([NH3+])CSSC[C@@H](C(=O)N2CCC[C@H]2C(=O)N[C@@H](CC(C)C)C(=O)NCC(N)=O)NC(=O)[C@H](CC(N)=O)NC(=O)[C@H](CCC(N)=O)NC1=O,1.0,train,../data/images/ClinTox/20.png
21.0,CN(N=O)C(=O)N[C@@H]1[C@@H](O)[C@H](O)[C@@H](CO)O[C@@H]1O,1.0,train,../data/images/ClinTox/21.png
22.0,CC(=O)Nc1nnc(S(N)(=O)=O)s1,1.0,train,../data/images/ClinTox/22.png
23.0,C[NH2+]CCCN1c2ccccc2CCc2ccccc21,1.0,train,../data/images/ClinTox/23.png
24.0,Cc1c(F)c(N2CC[NH2+]C(C)C2)cc2c1c(=O)c(C(=O)[O-])cn2C1CC1,1.0,train,../data/images/ClinTox/24.png
25.0,Cn1c(=O)c2[nH]cnc2n(C)c1=O,1.0,train,../data/images/ClinTox/25.png
26.0,CC1COc2c(N3CC[NH+](C)CC3)c(F)cc3c(=O)c(C(=O)[O-])cn1c23,1.0,train,../data/images/ClinTox/26.png
27.0,C[C@@H](O)[C@H]1C(=O)N2C(C(=O)[O-])=C(S[C@@H]3C[NH2+][C@H](C(=O)N(C)C)C3)[C@H](C)[C@H]12,1.0,train,../data/images/ClinTox/27.png
28.0,Cc1ccccc1N1C(=O)c2cc(S(N)(=O)=O)c(Cl)cc2NC1C,1.0,train,../data/images/ClinTox/28.png
29.0,O=C1O[Pt]OC(=O)C12CCC2,1.0,train,../data/images/ClinTox/29.png
30.0,CC[NH+](CC)CC(=O)Nc1c(C)cccc1C,1.0,train,../data/images/ClinTox/30.png
31.0,CCCCC[C@H](O)/C=C/[C@H]1[C@H](O)CC(=O)[C@@H]1C/C=C\CCCC(=O)[O-],1.0,train,../data/images/ClinTox/31.png
32.0,[NH3+]CCCCCC(=O)[O-],1.0,train,../data/images/ClinTox/32.png
33.0,C=C1CC[C@H](O)C/C1=C/C=C1\CCC[C@]2(C)[C@@H]([C@H](C)CCCC(C)(C)O)CC[C@@H]12,1.0,train,../data/images/ClinTox/33.png
34.0,COc1ccc([C@@H]2Sc3ccccc3N(CC[NH+](C)C)C(=O)[C@@H]2OC(C)=O)cc1,1.0,train,../data/images/ClinTox/34.png
35.0,CC(C)(C)NC(=O)[C@@H]1C[C@@H]2CCCC[C@@H]2C[NH+]1C[C@@H](O)[C@H](Cc1ccccc1)NC(=O)[C@H](CC(N)=O)NC(=O)c1ccc2ccccc2n1,1.0,train,../data/images/ClinTox/35.png
36.0,C=C1CC[C@H](O)C/C1=C/C=C1\CCC[C@]2(C)[C@@H]([C@H](C)CCCC(C)C)CC[C@@H]12,1.0,train,../data/images/ClinTox/36.png
37.0,NC(=O)N/N=C/c1ccc([N+](=O)[O-])o1,1.0,train,../data/images/ClinTox/37.png
38.0,CCNC(=O)CCC/C=C\C[C@@H]1[C@@H](/C=C/[C@@H](O)CCc2ccccc2)[C@H](O)C[C@@H]1O,1.0,train,../data/images/ClinTox/38.png
39.0,S=P(N1CC1)(N1CC1)N1CC1,1.0,train,../data/images/ClinTox/39.png
40.0,CO[C@H]1C[C@@H]2CC[C@@H](C)[C@@](O)(O2)C(=O)C(=O)N2CCCC[C@H]2C(=O)O[C@H]([C@H](C)C[C@@H]2CC[C@@H](OCCO)[C@H](OC)C2)CC(=O)[C@H](C)/C=C(\C)[C@@H](O)[C@@H](OC)C(=O)[C@H](C)C[C@H](C)/C=C/C=C/C=C/1C,0.0,train,../data/images/ClinTox/40.png
41.0,CCC(c1ccccc1)c1c([O-])c2ccccc2oc1=O,1.0,train,../data/images/ClinTox/41.png
42.0,COc1ncnc([N-]S(=O)(=O)c2ccc(N)cc2)c1OC,1.0,train,../data/images/ClinTox/42.png
43.0,C[C@]12CC[C@@H]3c4ccc(O)cc4CC[C@H]3[C@@H]1CCC2=O,1.0,train,../data/images/ClinTox/43.png
44.0,CC(=O)OCC1=C(C(=O)[O-])N2C(=O)[C@@H](NC(=O)[C@H]([NH3+])c3ccccc3)[C@H]2SC1,1.0,train,../data/images/ClinTox/44.png
45.0,COCCc1ccc(OCC(O)C[NH2+]C(C)C)cc1,1.0,train,../data/images/ClinTox/45.png
46.0,c1ccc2c(CC3=[NH+]CCN3)cccc2c1,1.0,train,../data/images/ClinTox/46.png
47.0,CC1(C)S[C@@H]2[C@H](NC(=O)C(C(=O)[O-])c3ccccc3)C(=O)N2[C@H]1C(=O)[O-],1.0,train,../data/images/ClinTox/47.png
48.0,CCCCCCOC(=O)CCC(=O)C[NH3+],1.0,train,../data/images/ClinTox/48.png
49.0,C[NH+](C)CC[C@@H](c1ccc(Br)cc1)c1ccccn1,1.0,train,../data/images/ClinTox/49.png
50.0,CC(=O)Nc1c(I)cc(I)c(C(=O)[O-])c1I,1.0,train,../data/images/ClinTox/50.png
51.0,CCOC(=O)O[C@]1(C(=O)OCCl)CC[C@H]2[C@@H]3CCC4=CC(=O)C=C[C@]4(C)[C@H]3[C@@H](O)C[C@@]21C,1.0,train,../data/images/ClinTox/51.png
52.0,Nc1ncnc2c1ncn2CCOC[P@@]1(=O)OCC[C@@H](c2cccc(Cl)c2)O1,0.0,train,../data/images/ClinTox/52.png
53.0,CCc1cc2c(cc1CC)CC([NH2+]C[C@H](O)c1ccc(O)c3[nH]c(=O)ccc13)C2,1.0,train,../data/images/ClinTox/53.png
54.0,CC(C)[NH2+]CC(O)c1ccc(O)c(O)c1,1.0,train,../data/images/ClinTox/54.png
55.0,[NH3+]CC1(CC(=O)[O-])CCCCC1,1.0,train,../data/images/ClinTox/55.png
56.0,CCCCCCC(=O)O[C@H]1CC[C@H]2[C@@H]3CCC4=CC(=O)CC[C@]4(C)[C@H]3CC[C@]12C,1.0,train,../data/images/ClinTox/56.png
57.0,CCC(=O)O[C@]1(C(=O)CCl)[C@@H](C)C[C@H]2[C@@H]3CCC4=CC(=O)C=C[C@]4(C)[C@@]3(F)[C@@H](O)C[C@@]21C,1.0,train,../data/images/ClinTox/57.png
58.0,O=C1NC(=O)C(c2ccccc2)(c2ccccc2)N1,1.0,train,../data/images/ClinTox/58.png
59.0,Cc1nc2n(c(=O)c1CC[NH+]1CCC(c3noc4cc(F)ccc34)CC1)CCCC2O,1.0,train,../data/images/ClinTox/59.png
60.0,CC([NH3+])Cc1ccc(O)cc1,1.0,train,../data/images/ClinTox/60.png
61.0,CC(C)CN(C[C@@H](OP(=O)([O-])[O-])[C@H](Cc1ccccc1)NC(=O)O[C@H]1CCOC1)S(=O)(=O)c1ccc(N)cc1,1.0,train,../data/images/ClinTox/61.png
62.0,O=C([O-])CCCc1ccc(N(CCCl)CCCl)cc1,1.0,train,../data/images/ClinTox/62.png
63.0,COC[C@@H](NC(C)=O)C(=O)NCc1ccccc1,1.0,train,../data/images/ClinTox/63.png
64.0,CC[N+](CC)(CC)CCOc1cccc(OCC[N+](CC)(CC)CC)c1OCC[N+](CC)(CC)CC,1.0,train,../data/images/ClinTox/64.png
65.0,C=CCC1(C(C)C#CCC)C(=O)NC(=O)N(C)C1=O,1.0,train,../data/images/ClinTox/65.png
66.0,CC1(C)C[C@@H]1C(=O)N/C(=C\CCCCSC[C@H]([NH3+])C(=O)[O-])C(=O)[O-],1.0,train,../data/images/ClinTox/66.png
67.0,CC(C)[N+](C)(CCOC(=O)C1c2ccccc2Oc2ccccc21)C(C)C,1.0,train,../data/images/ClinTox/67.png
68.0,C[NH+]1CCC[C@@H]1CCO[C@](C)(c1ccccc1)c1ccc(Cl)cc1,1.0,train,../data/images/ClinTox/68.png
69.0,CCN(CC)CC(=O)Nc1c(C)cccc1C,0.0,train,../data/images/ClinTox/69.png
70.0,CC/C(=C(/CC)c1ccc(O)cc1)c1ccc(O)cc1,1.0,train,../data/images/ClinTox/70.png
71.0,CCc1c2c(nc3ccc(OC(=O)N4CCC(N5CCCCC5)CC4)cc13)-c1cc3c(c(=O)n1C2)COC(=O)[C@]3(O)CC,0.0,train,../data/images/ClinTox/71.png
72.0,CO[C@@]12[C@H](COC(N)=O)C3=C(C(=O)C(C)=C(N)C3=O)N1C[C@@H]1N[C@@H]12,0.0,train,../data/images/ClinTox/72.png
73.0,CCCC[NH+](CCCC)CCC(O)c1cc2c(Cl)cc(Cl)cc2c2cc(C(F)(F)F)ccc12,1.0,train,../data/images/ClinTox/73.png
74.0,C#C[C@]1(OC(C)=O)CC[C@H]2[C@@H]3CCC4=CC(=O)CC[C@@H]4[C@H]3CC[C@@]21C,1.0,train,../data/images/ClinTox/74.png
75.0,C[NH2+][C@H]1CC[C@@H](c2ccc(Cl)c(Cl)c2)c2ccccc21,1.0,train,../data/images/ClinTox/75.png
76.0,CC1/C=C/C=C/CC/C=C/C=C/C=C/C=C/C(OC2O[C@H](C)[C@@H](O)[C@H]([NH3+])[C@@H]2O)CC(O)C(C(=O)[O-])C(O)CC(=O)CC(O)C(O)CCC(O)CC(O)CC(O)CC(=O)OC(C)C(C)C1O,1.0,train,../data/images/ClinTox/76.png
77.0,CCCCCCOC(=O)/[NH+]=C(/N)c1ccc(NCc2nc3cc(C(=O)N(CCC(=O)OCC)c4ccccn4)ccc3n2C)cc1,1.0,train,../data/images/ClinTox/77.png
78.0,C[C@H]1C[NH+](C[C@H](Cc2ccccc2)C(=O)NCC(=O)[O-])CC[C@@]1(C)c1cccc(O)c1,1.0,train,../data/images/ClinTox/78.png
79.0,II,1.0,train,../data/images/ClinTox/79.png
80.0,CO[C@H]1C(=O)[C@]2(C)[C@@H](OC)C[C@H]3OC[C@@]3(OC(C)=O)[C@H]2[C@H](OC(=O)c2ccccc2)[C@]2(O)C[C@H](OC(=O)[C@H](O)[C@@H](NC(=O)OC(C)(C)C)c3ccccc3)C(C)=C1C2(C)C,1.0,train,../data/images/ClinTox/80.png
81.0,Nc1ccn([C@@H]2CS[C@H](CO)O2)c(=O)n1,1.0,train,../data/images/ClinTox/81.png
82.0,O=c1oc2ccccc2c([O-])c1Cc1c([O-])c2ccccc2oc1=O,1.0,train,../data/images/ClinTox/82.png
83.0,CC[NH+](CC)CCNC(=O)c1cc(Cl)c(N)cc1OC,1.0,train,../data/images/ClinTox/83.png
84.0,CCC([NH2+]C(C)C)C(O)c1ccc(O)c(O)c1,1.0,train,../data/images/ClinTox/84.png
85.0,OCCOCC[NH+]1CCN(C(c2ccccc2)c2ccc(Cl)cc2)CC1,1.0,train,../data/images/ClinTox/85.png
86.0,Clc1ccc(C(Cn2ccnc2)OCc2ccsc2Cl)c(Cl)c1,1.0,train,../data/images/ClinTox/86.png
87.0,COc1cc2c(cc1OC)C1CC(=O)C(CC(C)C)C[NH+]1CC2,1.0,train,../data/images/ClinTox/87.png
88.0,CCCCNc1cc(C(=O)[O-])cc(S(N)(=O)=O)c1Oc1ccccc1,1.0,train,../data/images/ClinTox/88.png
89.0,CC[N+](C)(C)c1cccc(O)c1,1.0,train,../data/images/ClinTox/89.png
90.0,CC1(C)C(C=C(Cl)Cl)C1C(=O)OCc1cccc(Oc2ccccc2)c1,1.0,train,../data/images/ClinTox/90.png
91.0,C[NH+]1CCN(CCCN2c3ccccc3Sc3ccc(Cl)cc32)CC1,1.0,train,../data/images/ClinTox/91.png
92.0,Cc1ncc([N+](=O)[O-])n1CCO,1.0,train,../data/images/ClinTox/92.png
93.0,NC(=O)OCC(O)COc1ccc(Cl)cc1,1.0,train,../data/images/ClinTox/93.png
94.0,Oc1ccc2c3c1O[C@H]1[C@@H](O)CC[C@@]4(O)[C@@H](C2)[NH+](CC2CCC2)CC[C@]314,1.0,train,../data/images/ClinTox/94.png
95.0,CN1C(=O)CC(C)(c2ccccc2)C1=O,1.0,train,../data/images/ClinTox/95.png
96.0,CCC1=C[C@@H]2CN(C1)Cc1c([nH]c3ccccc13)[C@@](C(=O)OC)(c1cc3c(cc1OC)N(C)[C@H]1[C@@](O)(C(=O)OC)[C@H](OC(C)=O)[C@]4(CC)C=CCN5CC[C@]31[C@@H]54)C2,0.0,train,../data/images/ClinTox/96.png
97.0,CCOCCP(CCOCC)CCP(CCOCC)CCOCC,1.0,train,../data/images/ClinTox/97.png
98.0,COC(c1ccccc1)(c1ccccc1)[C@H](Oc1nc(C)cc(C)n1)C(=O)[O-],1.0,train,../data/images/ClinTox/98.png
99.0,C[NH+](C)CCOc1ccc(/C(=C(/CCCl)c2ccccc2)c2ccccc2)cc1,1.0,train,../data/images/ClinTox/99.png
100.0,CC(=O)Nc1c(I)c(C(=O)[O-])c(I)c(N(C)C(C)=O)c1I,1.0,train,../data/images/ClinTox/100.png
101.0,[NH3+]C[C@H]1O[C@H](O[C@H]2[C@H](O)[C@@H](O[C@H]3O[C@H](CO)[C@@H](O)[C@H]([NH3+])[C@H]3O)[C@H]([NH3+])C[C@@H]2[NH3+])[C@H]([NH3+])C[C@@H]1O,1.0,train,../data/images/ClinTox/101.png
102.0,CC[C@@H]([C@H](C)O)n1ncn(-c2ccc(N3CCN(c4ccc(OC[C@@H]5CO[C@@](Cn6cncn6)(c6ccc(F)cc6F)C5)cc4)CC3)cc2)c1=O,1.0,train,../data/images/ClinTox/102.png
103.0,OCC[NH+]1CCN(CCCN2c3ccccc3Sc3ccc(Cl)cc32)CC1,1.0,train,../data/images/ClinTox/103.png
104.0,NC(=O)N/C=C1\NC(=O)[C@H](CO)NC(=O)[C@H](CO)NC(=O)[C@@H](NC(=O)C[C@@H]([NH3+])CCC[NH3+])CNC(=O)[C@H]([C@H]2C[C@H](O)[NH+]=C(N)N2)NC1=O,1.0,train,../data/images/ClinTox/104.png
105.0,C=CC[C@@H]1/C=C(\C)C[C@H](C)C[C@H](OC)[C@H]2O[C@@](O)(C(=O)C(=O)N3CCCC[C@H]3C(=O)O[C@H](/C(C)=C/[C@@H]3CC[C@@H](O)[C@H](OC)C3)[C@H](C)[C@@H](O)CC1=O)[C@H](C)C[C@@H]2OC,1.0,train,../data/images/ClinTox/105.png
106.0,CC(C)[NH+]1CCN(c2ccc(OC[C@H]3CO[C@](Cn4cncn4)(c4ccc(Cl)cc4Cl)O3)cc2)CC1,1.0,train,../data/images/ClinTox/106.png
107.0,CCCCC(=O)N(Cc1ccc(-c2ccccc2-c2nnn[n-]2)cc1)[C@H](C(=O)[O-])C(C)C,1.0,train,../data/images/ClinTox/107.png
108.0,C=C1[C@H](CO)[C@@H](O)C[C@@H]1n1cnc2c(=O)[nH]c(N)nc21,1.0,train,../data/images/ClinTox/108.png
109.0,CCCC(CCC)C(=O)[O-],1.0,train,../data/images/ClinTox/109.png
110.0,CCCCNc1ccc(C(=O)OCCOCCOCCOCCOCCOCCOCCOCCOCCOC)cc1,1.0,train,../data/images/ClinTox/110.png
111.0,CC[C@@H](CO)NC(=O)[C@@H]1C=C2c3cccc4[nH]cc(c34)C[C@H]2[NH+](C)C1,1.0,train,../data/images/ClinTox/111.png
112.0,COc1ccc2cc(CCC(C)=O)ccc2c1,1.0,train,../data/images/ClinTox/112.png
113.0,Cc1nnc([N-]S(=O)(=O)c2ccc(N)cc2)s1,1.0,train,../data/images/ClinTox/113.png
114.0,C=C[C@H]1C[NH+]2CC[C@H]1C[C@@H]2[C@@H](O)c1ccnc2ccc(OC)cc12,1.0,train,../data/images/ClinTox/114.png
115.0,CCCCN1C(=O)[C@@H]([C@H](O)C2CCCCC2)NC(=O)C12CCN(Cc1ccc(Oc3ccc(C(=O)O)cc3)cc1)CC2,0.0,train,../data/images/ClinTox/115.png
116.0,C=CCC1(CC(C)C)C(=O)NC(=O)NC1=O,1.0,train,../data/images/ClinTox/116.png
117.0,CC(=O)Oc1c(C)c(C)c2c(c1C)CC[C@@](C)(CCC[C@H](C)CCC[C@H](C)CCCC(C)C)O2,1.0,train,../data/images/ClinTox/117.png
118.0,CCN(CC)C(=O)N1CC[NH+](C)CC1,1.0,train,../data/images/ClinTox/118.png
119.0,C#C[C@]1(OC(C)=O)CC[C@H]2[C@@H]3CCC4=C/C(=N/O)CC[C@@H]4[C@H]3CC[C@@]21CC,1.0,train,../data/images/ClinTox/119.png
120.0,CN1CCC(CNc2ccc3ncc(-c4cccc(OC(F)(F)F)c4)n3n2)CC1,0.0,train,../data/images/ClinTox/120.png
121.0,Cc1c(-c2ccccc2)oc2c(C(=O)OCC[NH+]3CCCCC3)cccc2c1=O,1.0,train,../data/images/ClinTox/121.png
122.0,[NH3+]CC(=O)CCC(=O)[O-],1.0,train,../data/images/ClinTox/122.png
123.0,C[NH+](C)[C@@H]1C([O-])=C(C(N)=O)C(=O)[C@@]2(O)C([O-])=C3C(=O)c4c([O-])ccc(Cl)c4[C@@H](O)[C@H]3C[C@@H]12,1.0,train,../data/images/ClinTox/123.png
124.0,COC(CNC(N)=O)C[Hg]Cl,1.0,train,../data/images/ClinTox/124.png
125.0,CCOC(=O)C(C)(C)Oc1ccc(Cl)cc1,1.0,train,../data/images/ClinTox/125.png
126.0,C/C(=C\C(=O)OCCCCCCCCC(=O)[O-])C[C@@H]1OC[C@H](C[C@@H]2O[C@H]2[C@@H](C)[C@H](C)O)[C@@H](O)[C@H]1O,1.0,train,../data/images/ClinTox/126.png
127.0,COC1=CC(=O)OC(/C=C/C2=CCCC=C2)C1,0.0,train,../data/images/ClinTox/127.png
128.0,O=C1CC[C@@]2(O)[C@H]3Cc4ccc(O)c5c4[C@@]2(CC[NH+]3CC2CC2)[C@H]1O5,1.0,train,../data/images/ClinTox/128.png
129.0,C[NH+]1CCCC(n2nc(Cc3ccc(Cl)cc3)c3ccccc3c2=O)CC1,1.0,train,../data/images/ClinTox/129.png
130.0,COc1ccc(C[C@@H](C)[NH2+]C[C@H](O)c2ccc(O)c(NC=O)c2)cc1,1.0,train,../data/images/ClinTox/130.png
131.0,COc1ccc(-c2ccc3cc(C(=O)[O-])ccc3c2)cc1C12CC3CC(CC(C3)C1)C2,1.0,train,../data/images/ClinTox/131.png
132.0,NC(=O)OCC(COC(N)=O)c1ccccc1,1.0,train,../data/images/ClinTox/132.png
133.0,CC(C)(Sc1cc(C(C)(C)C)c(O)c(C(C)(C)C)c1)Sc1cc(C(C)(C)C)c(O)c(C(C)(C)C)c1,1.0,train,../data/images/ClinTox/133.png
134.0,CCNC(NCC)=[NH+]CCCC[C@H](NC(=O)[C@H](CC(C)C)NC(=O)[C@@H](CCCC[NH+]=C(NCC)NCC)NC(=O)[C@H](Cc1ccc(O)cc1)NC(=O)[C@H](CO)NC(=O)[C@@H](Cc1cccnc1)NC(=O)[C@@H](Cc1ccc(Cl)cc1)NC(=O)[C@@H](Cc1ccc2ccccc2c1)NC(C)=O)C(=O)N1CCC[C@H]1C(=O)N[C@H](C)C(N)=O,1.0,train,../data/images/ClinTox/134.png
135.0,Cl[Mn]Cl,1.0,train,../data/images/ClinTox/135.png
136.0,CCCCc1[nH+]cc(/C=C(\Cc2cccs2)C(=O)[O-])n1Cc1ccc(C(=O)[O-])cc1,1.0,train,../data/images/ClinTox/136.png
137.0,C[NH+](C)CCC(c1ccc(Cl)cc1)c1ccccn1,1.0,train,../data/images/ClinTox/137.png
138.0,O=C([O-])CCC(=O)[O-],1.0,train,../data/images/ClinTox/138.png
139.0,CC(C(=O)[O-])c1cccc(C(=O)c2ccccc2)c1,1.0,train,../data/images/ClinTox/139.png
140.0,CC1=C(C(=O)[O-])N2C(=O)[C@@H](NC(=O)[C@H]([NH3+])C3=CCC=CC3)[C@H]2SC1,1.0,train,../data/images/ClinTox/140.png
141.0,Clc1ccc2nsnc2c1NC1=[NH+]CCN1,1.0,train,../data/images/ClinTox/141.png
142.0,Cn1c(CCCC(=O)O)nc2cc(N(CCCl)CCCl)ccc21,0.0,train,../data/images/ClinTox/142.png
143.0,CCCCc1oc2ccc(NS(C)(=O)=O)cc2c1C(=O)c1ccc(OCCC[NH+](CCCC)CCCC)cc1,1.0,train,../data/images/ClinTox/143.png
144.0,COc1cc2c(cc1OC)C(=O)C(CC1CC[NH+](Cc3ccccc3)CC1)C2,1.0,train,../data/images/ClinTox/144.png
145.0,CC(C)c1cccc(C(C)C)c1OCOP(=O)([O-])[O-],1.0,train,../data/images/ClinTox/145.png
146.0,OC(c1cc(C(F)(F)F)nc2c(C(F)(F)F)cccc12)C1CCCC[NH2+]1,1.0,train,../data/images/ClinTox/146.png
147.0,O=C1O[C@H]([C@@H](O)CO)C([O-])=C1O,1.0,train,../data/images/ClinTox/147.png
148.0,CC(C)(C)[NH2+]C[C@H](O)c1ccc(O)c(CO)c1,1.0,train,../data/images/ClinTox/148.png
149.0,OCC(O)CO,1.0,train,../data/images/ClinTox/149.png
150.0,Clc1ccc2c(c1)C(c1ccccc1)=NCc1nncn1-2,1.0,train,../data/images/ClinTox/150.png
151.0,CC1=NS(=O)(=O)c2cc(Cl)ccc2N1,1.0,train,../data/images/ClinTox/151.png
152.0,CC(C)(C)c1ccc(C[NH+]2CCN(C(c3ccccc3)c3ccc(Cl)cc3)CC2)cc1,1.0,train,../data/images/ClinTox/152.png
153.0,Cc1nc(-c2ccc(OCC(C)C)c(C#N)c2)sc1C(=O)[O-],1.0,train,../data/images/ClinTox/153.png
154.0,CCCCCCCCCC(=O)O[C@H]1CC[C@H]2[C@@H]3CCC4=CC(=O)CC[C@@H]4[C@H]3CC[C@]12C,1.0,train,../data/images/ClinTox/154.png
155.0,C[C@]12C=CC(=O)C=C1[C@@H](F)C[C@@H]1[C@@H]2[C@@H](O)C[C@@]2(C)[C@H]1CC[C@]2(O)C(=O)CO,1.0,train,../data/images/ClinTox/155.png
156.0,C[C@H]([NH3+])C(=O)N[C@@H](C)C(=O)NC1[C@H]2CN(c3nc4c(cc3F)c(=O)c(C(=O)[O-])cn4-c3ccc(F)cc3F)C[C@@H]12,1.0,train,../data/images/ClinTox/156.png
157.0,CCCC(=O)O[C@]1(C(=O)COC(=O)CC)CC[C@H]2[C@@H]3CCC4=CC(=O)CC[C@]4(C)[C@H]3[C@@H](O)C[C@@]21C,1.0,train,../data/images/ClinTox/157.png
158.0,CCCc1nc2c(C)cc(-c3nc4ccccc4n3C)cc2n1Cc1ccc(-c2ccccc2C(=O)[O-])cc1,1.0,train,../data/images/ClinTox/158.png
159.0,CC(=O)N(CC(C)C(=O)[O-])c1c(I)cc(I)c(N)c1I,1.0,train,../data/images/ClinTox/159.png
160.0,C[C@]12CC[C@@H]3c4ccc(O)cc4CC[C@H]3[C@@H]1CC[C@@H]2O,1.0,train,../data/images/ClinTox/160.png
161.0,COC(CNC(=O)c1ccccc1OCC(=O)[O-])C[Hg]O,1.0,train,../data/images/ClinTox/161.png
162.0,CCC1(CC)C(=O)NCC(C)C1=O,1.0,train,../data/images/ClinTox/162.png
163.0,CCC(C)C(C)(COC(N)=O)COC(N)=O,1.0,train,../data/images/ClinTox/163.png
164.0,CC[N+](C)(C)Cc1ccccc1Br,1.0,train,../data/images/ClinTox/164.png
165.0,C[C@@H](O)[C@H]1C(=O)N2C(C(=O)[O-])=C(S[C@@H]3C[NH2+][C@H](C(=O)Nc4cccc(C(=O)[O-])c4)C3)[C@H](C)[C@H]12,1.0,train,../data/images/ClinTox/165.png
166.0,C=CC[NH2+]CCCCCC[N+](C)(C)C,1.0,train,../data/images/ClinTox/166.png
167.0,Clc1ccccc1C[NH+]1CCc2sccc2C1,1.0,train,../data/images/ClinTox/167.png
168.0,O=C1CN2Cc3c(ccc(Cl)c3Cl)[NH+]=C2N1,1.0,train,../data/images/ClinTox/168.png
169.0,CC1(C)S[C@@H]2[C@H](NC(=O)[C@H](NC(=O)N3CCNC3=O)c3ccccc3)C(=O)N2[C@H]1C(=O)[O-],1.0,train,../data/images/ClinTox/169.png
170.0,CC(=O)O[C@H]1Cc2ccccc2N(C(N)=O)c2ccccc21,0.0,train,../data/images/ClinTox/170.png
171.0,CC[C@@H](c1cccc(O)c1)[C@@H](C)C[NH+](C)C,1.0,train,../data/images/ClinTox/171.png
172.0,Cc1[nH+]cc2n1-c1ccc(Cl)cc1C(c1ccccc1F)=NC2,1.0,train,../data/images/ClinTox/172.png
173.0,O=C(OCc1ccccc1)c1ccccc1,1.0,train,../data/images/ClinTox/173.png
174.0,CC1(C)O[C@@H]2C[C@H]3[C@@H]4CCC5=CC(=O)C=C[C@]5(C)[C@@]4(F)[C@@H](O)C[C@]3(C)[C@]2(C(=O)CO)O1,1.0,train,../data/images/ClinTox/174.png
175.0,CC1(C)S[C@@H]2[C@H](NC(=O)COc3ccccc3)C(=O)N2[C@H]1C(=O)[O-],1.0,train,../data/images/ClinTox/175.png
176.0,CN(C)c1cc(NC(=O)C[NH2+]C(C)(C)C)c([O-])c2c1C[C@H]1C[C@H]3[C@H]([NH+](C)C)C([O-])=C(C(N)=O)C(=O)[C@@]3(O)C([O-])=C1C2=O,1.0,train,../data/images/ClinTox/176.png
177.0,CN(CCOc1ccc(CC2SC(=O)NC2=O)cc1)c1ccccn1,0.0,train,../data/images/ClinTox/177.png
178.0,CC(=O)OCC[N+](C)(C)C,1.0,train,../data/images/ClinTox/178.png
179.0,CCC(Cc1c(I)cc(I)c(N)c1I)C(=O)[O-],1.0,train,../data/images/ClinTox/179.png
180.0,C[NH+](C)CCOC(c1ccc(Cl)cc1)c1ccccn1,1.0,train,../data/images/ClinTox/180.png
181.0,CCCCC(=O)O[C@]1(C(=O)CO)CC[C@H]2[C@@H]3CCC4=CC(=O)CC[C@]4(C)[C@H]3[C@@H](O)C[C@@]21C,1.0,train,../data/images/ClinTox/181.png
182.0,Nc1ccn([C@H]2CC[C@@H](CO)O2)c(=O)n1,1.0,train,../data/images/ClinTox/182.png
183.0,COc1ccc(C(=O)CC(=O)c2ccc(C(C)(C)C)cc2)cc1,1.0,train,../data/images/ClinTox/183.png
184.0,CC(C)CN(C[C@@H](O)[C@H](Cc1ccccc1)NC(=O)O[C@H]1CCOC1)S(=O)(=O)c1ccc(N)cc1,1.0,train,../data/images/ClinTox/184.png
185.0,CCCCCCCCCCCCCCCCCCCCCCO,1.0,train,../data/images/ClinTox/185.png
186.0,*C(=O)[C@H](CCCCNC(=O)OCCOC)NC(=O)OCCOC,1.0,train,../data/images/ClinTox/186.png
187.0,CS(=O)(=O)c1ccc(C2=C(c3ccccc3)C(=O)OC2)cc1,1.0,train,../data/images/ClinTox/187.png
188.0,Cc1cccc(C)c1N(CC(=O)Nc1ccc(-c2ncon2)cc1)C(=O)C1CCS(=O)(=O)CC1,0.0,train,../data/images/ClinTox/188.png
189.0,ClCC1CO1,1.0,train,../data/images/ClinTox/189.png
190.0,CC[C@@H]1C(=O)OC[C@@H]1Cc1cncn1C,1.0,train,../data/images/ClinTox/190.png
191.0,Cc1ccc(S(=O)(=O)[N-]C(=O)N[NH+]2CCCCCC2)cc1,1.0,train,../data/images/ClinTox/191.png
192.0,O=c1n(CCC[NH+]2CCN(c3cccc(Cl)c3)CC2)nc2ccccn12,1.0,train,../data/images/ClinTox/192.png
193.0,O=C1O[C@H](CO)[C@@H](O)[C@H](O)[C@H]1O,1.0,train,../data/images/ClinTox/193.png
194.0,CCC[NH+](CCc1cccs1)[C@H]1CCc2c(O)cccc2C1,1.0,train,../data/images/ClinTox/194.png
195.0,C[C@]1(O)CC[C@H]2[C@@H]3CCC4=CC(=O)CC[C@]4(C)[C@@]3(F)[C@@H](O)C[C@@]21C,1.0,train,../data/images/ClinTox/195.png
196.0,CC(O)C(=O)[O-],1.0,train,../data/images/ClinTox/196.png
197.0,O=C(OC1CC2CC3C[C@H](C1)[NH+]2CC3=O)c1c[nH]c2ccccc12,1.0,train,../data/images/ClinTox/197.png
198.0,C=CC([NH3+])CCC(=O)[O-],1.0,train,../data/images/ClinTox/198.png
199.0,C[NH+](CCOc1ccc(NS(C)(=O)=O)cc1)CCc1ccc(NS(C)(=O)=O)cc1,1.0,train,../data/images/ClinTox/199.png
200.0,CC(C)Nc1cccnc1N1CCN(C(=O)c2cc3cc(NS(C)(=O)=O)ccc3[nH]2)CC1,1.0,train,../data/images/ClinTox/200.png
201.0,CCOc1ccc(CC(CN(CC[NH+](CC(=O)[O-])CC(=O)[O-])CC(=O)[O-])[NH+](CC(=O)[O-])CC(=O)[O-])cc1,1.0,train,../data/images/ClinTox/201.png
202.0,CC(C)(Oc1ccc(C(=O)c2ccc(Cl)cc2)cc1)C(=O)NCCS(=O)(=O)[O-],1.0,train,../data/images/ClinTox/202.png
203.0,O=C([O-])CCCCCCCC(=O)[O-],1.0,train,../data/images/ClinTox/203.png
204.0,CC(C)Cc1ccc(C(C)C(=O)[O-])cc1,1.0,train,../data/images/ClinTox/204.png
205.0,COc1c(C)c2c(c([O-])c1C/C=C(\C)CCC(=O)[O-])C(=O)OC2,1.0,train,../data/images/ClinTox/205.png
206.0,CC1=C2N3[Co+]456(O)<-N7=C1[C@@H](CCC(N)=O)C(C)(C)C7=CC1=N->4C(=C(C)C4=N->5[C@@](C)([C@H]3[C@H](CC(N)=O)[C@@]2(C)CCC(=O)NC[C@@H](C)OP(=O)([O-])O[C@H]2[C@@H](O)[C@@H](n3cn->6c5cc(C)c(C)cc53)O[C@@H]2CO)[C@@](C)(CC(N)=O)[C@@H]4CCC(N)=O)[C@@](C)(CC(N)=O)[C@@H]1CCC(N)=O,1.0,train,../data/images/ClinTox/206.png
207.0,CC(=O)N(CC(O)CO)c1c(I)c(C(=O)NCCO)c(I)c(C(=O)NCC(O)CO)c1I,1.0,train,../data/images/ClinTox/207.png
208.0,C[NH+](C)CCC(c1ccccc1)c1ccccn1,1.0,train,../data/images/ClinTox/208.png
209.0,O=C([O-])c1ccc(-n2nc(-c3ccccc3O)nc2-c2ccccc2O)cc1,1.0,train,../data/images/ClinTox/209.png
210.0,C=CC[N+]1([C@H]2C[C@H]3[C@@H]4CC[C@H]5C[C@H](OC(C)=O)[C@@H]([NH+]6CCCCC6)C[C@]5(C)[C@H]4CC[C@]3(C)[C@H]2OC(=O)CC)CCCCC1,1.0,train,../data/images/ClinTox/210.png
211.0,[Se],0.0,train,../data/images/ClinTox/211.png
212.0,CC(C)[C@H]([NH3+])C(=O)OCC(CO)OCn1cnc2c(=O)nc(N)[nH]c21,1.0,train,../data/images/ClinTox/212.png
213.0,O=C([O-])P(=O)([O-])[O-],1.0,train,../data/images/ClinTox/213.png
214.0,CCC1(CC)C(=O)NC(=O)N(C)C1=O,1.0,train,../data/images/ClinTox/214.png
215.0,CC(=O)N(CC(O)CN(C(C)=O)c1c(I)c(C(=O)NCC(O)CO)c(I)c(C(=O)NCC(O)CO)c1I)c1c(I)c(C(=O)NCC(O)CO)c(I)c(C(=O)NCC(O)CO)c1I,1.0,train,../data/images/ClinTox/215.png
216.0,CC(C)(C(=O)c1cccnc1)c1cccnc1,1.0,train,../data/images/ClinTox/216.png
217.0,Nc1ccc(C(=O)NCC(=O)[O-])cc1,1.0,train,../data/images/ClinTox/217.png
218.0,CCOC(=O)Nc1ccc2c(c1)N(C(=O)CC[NH+]1CCOCC1)c1ccccc1S2,1.0,train,../data/images/ClinTox/218.png
219.0,CCc1c2c(nc3ccc(OC(=O)N4CCC([NH+]5CCCCC5)CC4)cc13)-c1cc3c(c(=O)n1C2)COC(=O)[C@]3(O)CC,1.0,train,../data/images/ClinTox/219.png
220.0,CC1(C)S[C@@H]2[C@H](NC(=O)Cc3ccccc3)C(=O)N2[C@H]1C(=O)[O-],1.0,train,../data/images/ClinTox/220.png
221.0,CCCC[NH+]1CCCC[C@H]1C(=O)Nc1c(C)cccc1C,1.0,train,../data/images/ClinTox/221.png
222.0,O=C1[C@@H]2[C@H]3CC[C@H](C3)[C@@H]2C(=O)N1C[C@@H]1CCCC[C@H]1C[NH+]1CCN(c2nsc3ccccc23)CC1,1.0,train,../data/images/ClinTox/222.png
223.0,CCCCC(CC)COC(=O)/C=C/c1ccc(OC)cc1,1.0,train,../data/images/ClinTox/223.png
224.0,COC(=O)[C@H]1[C@H]2C[C@@H]3c4[nH]c5cc(OC)ccc5c4CC[NH+]3C[C@H]2C[C@@H](OC(=O)/C=C/c2cc(OC)c(OC)c(OC)c2)[C@@H]1OC,1.0,train,../data/images/ClinTox/224.png
225.0,Nc1ccc(S(=O)(=O)[N-]c2ncccn2)cc1,1.0,train,../data/images/ClinTox/225.png
226.0,CCCCC(CC)COC(=O)C(C#N)=C(c1ccccc1)c1ccccc1,1.0,train,../data/images/ClinTox/226.png
227.0,O=S(=O)(OC[C@H]1O[C@@H](O[C@]2(COS(=O)(=O)O[Al](O)O)O[C@H](OS(=O)(=O)O[Al](O)O)[C@@H](OS(=O)(=O)O[Al](O)O)[C@@H]2OS(=O)(=O)O[Al](O)O)[C@H](OS(=O)(=O)O[Al](O)O)[C@@H](OS(=O)(=O)O[Al](O)O)[C@@H]1OS(=O)(=O)O[Al](O)O)O[Al](O)O,1.0,train,../data/images/ClinTox/227.png
228.0,CC(C)C[C@H](NC(=O)CNC(=O)c1cc(Cl)ccc1Cl)B(O)O,0.0,train,../data/images/ClinTox/228.png
229.0,CCCCC[C@H](O)/C=C/[C@H]1[C@H](O)CC(=O)[C@@H]1CCCCCCC(=O)[O-],1.0,train,../data/images/ClinTox/229.png
230.0,NC(CCSCc1csc([NH+]=C(N)N)n1)=NS(N)(=O)=O,1.0,train,../data/images/ClinTox/230.png
231.0,CC1(C)O[C@@H]2[C@@H](CO[C@@]3(COS(N)(=O)=O)OC(C)(C)O[C@@H]23)O1,1.0,train,../data/images/ClinTox/231.png
232.0,Oc1c(I)cc(Cl)c2cccnc12,1.0,train,../data/images/ClinTox/232.png
233.0,OC(CC[NH+]1CCCCC1)(c1ccccc1)C1CC2C=CC1C2,1.0,train,../data/images/ClinTox/233.png
234.0,CCc1nc(N)nc(N)c1-c1ccc(Cl)cc1,1.0,train,../data/images/ClinTox/234.png
235.0,CN1CC[NH+](CCCN2c3ccccc3Sc3ccc(Cl)cc32)CC1,1.0,train,../data/images/ClinTox/235.png
236.0,C[NH+](C)CCc1c[nH]c2ccc(C[C@H]3COC(=O)N3)cc12,1.0,train,../data/images/ClinTox/236.png
237.0,COc1ccc(OC)c(C(O)C(C)[NH3+])c1,1.0,train,../data/images/ClinTox/237.png
238.0,O=C(OC1CC2CCC(C1)[N+]21CCCC1)C(O)(c1ccccc1)c1ccccc1,1.0,train,../data/images/ClinTox/238.png
239.0,COc1cc2nc(N3CCN(C(=O)C4COc5ccccc5O4)CC3)nc(N)c2cc1OC,1.0,train,../data/images/ClinTox/239.png
240.0,Cn1cc[nH]c1=S,1.0,train,../data/images/ClinTox/240.png
241.0,C[NH+]1CCC(=C2c3ccccc3C=Cc3ccccc32)CC1,1.0,train,../data/images/ClinTox/241.png
242.0,CC(C)NCC(O)COc1cccc2ccccc12,0.0,train,../data/images/ClinTox/242.png
243.0,Cc1ccnc2c1NC(=O)c1cccnc1N2C1CC1,1.0,train,../data/images/ClinTox/243.png
244.0,CC(O)(P(=O)([O-])[O-])P(=O)([O-])[O-],1.0,train,../data/images/ClinTox/244.png
245.0,CC([NH3+])C12CC3CC(CC(C3)C1)C2,1.0,train,../data/images/ClinTox/245.png
246.0,NC(N)=[NH+]CCN1CCCCCCC1,1.0,train,../data/images/ClinTox/246.png
247.0,Nc1cc(-c2ccncc2)c[nH]c1=O,1.0,train,../data/images/ClinTox/247.png
248.0,C[NH2+]CC[C@H](Oc1cccc2ccccc12)c1cccs1,1.0,train,../data/images/ClinTox/248.png
249.0,CC(C)(C)[NH2+]CC(O)c1cc(O)cc(O)c1,1.0,train,../data/images/ClinTox/249.png
250.0,C/C=C1\NC(=O)[C@H]2CSSCC/C=C/[C@H](CC(=O)N[C@H](C(C)C)C(=O)N2)OC(=O)[C@H](C(C)C)NC1=O,1.0,train,../data/images/ClinTox/250.png
251.0,COc1ccccc1OCC(O)COC(N)=O,1.0,train,../data/images/ClinTox/251.png
252.0,C[NH+]1CCC(=C2c3ccccc3CCn3c(C=O)c[nH+]c32)CC1,1.0,train,../data/images/ClinTox/252.png
253.0,Fc1ccccc1C1=NCC(=S)N(CC(F)(F)F)c2ccc(Cl)cc21,1.0,train,../data/images/ClinTox/253.png
254.0,CC(O)CN1CCN(CC(=O)[O-])CCN(CC(=O)[O-])CC[NH+](CC(=O)[O-])CC1,1.0,train,../data/images/ClinTox/254.png
255.0,CC(C)c1cccc(C(C)C)c1NC(=O)C[NH+](CC(=O)[O-])CC(=O)[O-],1.0,train,../data/images/ClinTox/255.png
256.0,Cl[201Tl],1.0,train,../data/images/ClinTox/256.png
257.0,[NH3+][C@@H]1CC1c1ccccc1,1.0,train,../data/images/ClinTox/257.png
258.0,C[C@]12CCC3=C4CCC(=O)C=C4CC[C@H]3[C@@H]1CC[C@@]2(O)CC#N,1.0,train,../data/images/ClinTox/258.png
259.0,OCC[NH+]1CCN(CCCN2c3ccccc3Sc3ccc(C(F)(F)F)cc32)CC1,1.0,train,../data/images/ClinTox/259.png
260.0,C[C@H]1c2cccc([O-])c2C(=O)C2=C([O-])[C@]3(O)C(=O)C(C(N)=O)=C([O-])[C@@H]([NH+](C)C)[C@@H]3[C@@H](O)[C@@H]21,1.0,train,../data/images/ClinTox/260.png
261.0,CCOC(=O)CCCCCCCCC(C)c1ccccc1I,1.0,train,../data/images/ClinTox/261.png
262.0,CC1=C(/C=C/C(C)=C/C=C/C(C)=C/C(=O)[O-])C(C)(C)CCC1,1.0,train,../data/images/ClinTox/262.png
263.0,COc1cccc2c1C(=O)c1c([O-])c3c(c([O-])c1C2=O)C[C@@](O)(C(=O)CO)C[C@@H]3O[C@H]1C[C@H]([NH3+])[C@@H](O)[C@H](C)O1,1.0,train,../data/images/ClinTox/263.png
264.0,CCCCCCCCCCCCCCCC(=O)OC/C=C(C)/C=C/C=C(C)/C=C/C1=C(C)CCCC1(C)C,1.0,train,../data/images/ClinTox/264.png
265.0,CCCCCCC(=O)OCCN1CC[NH+](CCCN2c3ccccc3Sc3ccc(C(F)(F)F)cc32)CC1,1.0,train,../data/images/ClinTox/265.png
266.0,CC(=O)O[C@H]1C[C@@H]2CC[C@@H]3[C@H](CC[C@@]4(C)[C@H]3C[C@H](N3CC[N+](C)(C)CC3)[C@@H]4OC(C)=O)[C@@]2(C)C[C@@H]1N1CC[N+](C)(C)CC1,1.0,train,../data/images/ClinTox/266.png
267.0,CC(CN1c2ccccc2CCc2ccccc21)C[NH+](C)C,1.0,train,../data/images/ClinTox/267.png
268.0,C[C@@H]1O[C@@]2(CS1)C[NH+]1CCC2CC1,1.0,train,../data/images/ClinTox/268.png
269.0,CO/N=C(\C(=O)N[C@@H]1C(=O)N2C(C(=O)OC(C)OC(C)=O)=C(COC(N)=O)CS[C@H]12)c1ccco1,1.0,train,../data/images/ClinTox/269.png
270.0,CN(C)/N=N/c1[nH]cnc1C(N)=O,1.0,train,../data/images/ClinTox/270.png
271.0,C[C@H]1O[C@@H](O[C@H]2[C@@H](O)C[C@H](O[C@H]3[C@@H](O)C[C@H](O[C@H]4CC[C@@]5(C)[C@H](CC[C@@H]6[C@@H]5CC[C@]5(C)[C@@H](C7=CC(=O)OC7)CC[C@]65O)C4)O[C@@H]3C)O[C@@H]2C)C[C@H](O)[C@@H]1O,1.0,train,../data/images/ClinTox/271.png
272.0,CCOP(=O)(OCC)SCC[N+](C)(C)C,1.0,train,../data/images/ClinTox/272.png
273.0,O=C([O-])/C=C/C(=O)[O-],1.0,train,../data/images/ClinTox/273.png
274.0,C[NH+](C)CCCN1c2ccccc2Sc2ccc(C(F)(F)F)cc21,1.0,train,../data/images/ClinTox/274.png
275.0,CN1C(CSCC(F)(F)F)Nc2cc(Cl)c(S(N)(=O)=O)cc2S1(=O)=O,1.0,train,../data/images/ClinTox/275.png
276.0,COc1ccc(C2C(=O)c3ccccc3C2=O)cc1,1.0,train,../data/images/ClinTox/276.png
277.0,C[C@@H]1C/C=C/C=C/C=C/C=C/[C@H](OC2O[C@H](C)[C@@H](O)[C@H]([NH3+])[C@@H]2O)C[C@@H]2O[C@](O)(C[C@@H](O)C[C@H]3O[C@@H]3/C=C/C(=O)O1)C[C@H](O)[C@H]2C(=O)[O-],1.0,train,../data/images/ClinTox/277.png
278.0,O=C(Nc1ccc([N+](=O)[O-])cc1Cl)c1cc(Cl)ccc1O,1.0,train,../data/images/ClinTox/278.png
279.0,CO[C@]12CC[C@@]3(C[C@@H]1[C@](C)(O)C(C)(C)C)[C@H]1Cc4ccc(O)c5c4[C@@]3(CC[NH+]1CC1CC1)[C@H]2O5,1.0,train,../data/images/ClinTox/279.png
280.0,CCOC(=O)OC(C)OC(=O)[C@@H]1N2C(=O)[C@@H](NC(=O)[C@H]([NH3+])c3ccccc3)[C@H]2SC1(C)C,1.0,train,../data/images/ClinTox/280.png
281.0,O=C([O-])CCc1nc(-c2ccccc2)c(-c2ccccc2)o1,1.0,train,../data/images/ClinTox/281.png
282.0,O=C([O-])C(S)C(S)C(=O)[O-],1.0,train,../data/images/ClinTox/282.png
283.0,Cc1ccc(Nc2nccc(N(C)c3ccc4c(C)n(C)nc4c3)n2)cc1S(N)(=O)=O,1.0,train,../data/images/ClinTox/283.png
284.0,C[NH+](C)[C@@H]1C([O-])=C(C(N)=O)C(=O)[C@@]2(O)C([O-])=C3C(=O)c4c([O-])cccc4[C@@](C)(O)[C@H]3[C@H](O)[C@@H]12,1.0,train,../data/images/ClinTox/284.png
285.0,CCOC(=O)C1(c2ccccc2)CC[NH+](C)CC1,1.0,train,../data/images/ClinTox/285.png
286.0,Nc1cc(N2CCCCC2)nc(N)[n+]1[O-],1.0,train,../data/images/ClinTox/286.png
287.0,CCOC(=O)[C@H](CCc1ccccc1)[NH2+][C@@H](C)C(=O)N1CC2(C[C@H]1C(=O)[O-])SCCS2,1.0,train,../data/images/ClinTox/287.png
288.0,C[C@@H]1CN(c2c(F)c(N)c3c(=O)c(C(=O)[O-])cn(C4CC4)c3c2F)C[C@H](C)[NH2+]1,1.0,train,../data/images/ClinTox/288.png
289.0,OC[C@H]1O[C@H](O)[C@H](F)[C@@H](O)[C@@H]1O,1.0,train,../data/images/ClinTox/289.png
290.0,CC(C)[C@@H]1NC(=O)[C@H](CCCC[NH3+])NC(=O)[C@@H](Cc2c[nH]c3ccccc23)NC(=O)[C@H](Cc2ccc(O)cc2)NC(=O)[C@@H](NC(=O)[C@H]([NH3+])Cc2ccc3ccccc3c2)CSSC[C@@H](C(=O)N[C@H](C(N)=O)[C@@H](C)O)NC1=O,1.0,train,../data/images/ClinTox/290.png
291.0,CC(=O)OCC(=O)[C@@]1(O)[C@@H](C)C[C@H]2[C@@H]3CCC4=CC(=O)C=C[C@]4(C)[C@@]3(F)[C@@H](O)C[C@@]21C,1.0,train,../data/images/ClinTox/291.png
292.0,N#Cc1ccc(C(c2ccc(C#N)cc2)n2cncn2)cc1,1.0,train,../data/images/ClinTox/292.png
293.0,NC(=O)CCC1NC(=O)C(Cc2ccccc2)NC(=O)C(Cc2ccc(O)cc2)NC(=O)C([NH3+])CSSCC(C(=O)N2CCCC2C(=O)NC(CCC[NH+]=C(N)N)C(=O)NCC(N)=O)NC(=O)C(CC(N)=O)NC1=O,1.0,train,../data/images/ClinTox/293.png
294.0,N#Cc1ccc2[nH]cc(CCCC[NH+]3CCN(c4ccc5oc(C(N)=O)cc5c4)CC3)c2c1,1.0,train,../data/images/ClinTox/294.png
295.0,C[NH2+]C(C)C1CCC([NH3+])C(OC2C([NH3+])CC([NH3+])C(OC3OCC(C)(O)C([NH2+]C)C3O)C2O)O1,1.0,train,../data/images/ClinTox/295.png
296.0,CC1(C)S[C@@H]2[C@H](/[NH+]=C/N3CCCCCC3)C(=O)N2[C@H]1C(=O)[O-],1.0,train,../data/images/ClinTox/296.png
297.0,O=[N+]([O-])OCC(CO[N+](=O)[O-])O[N+](=O)[O-],1.0,train,../data/images/ClinTox/297.png
298.0,CC(C)(C)NC(=O)[C@@H]1CN(Cc2cccnc2)CC[NH+]1C[C@@H](O)C[C@@H](Cc1ccccc1)C(=O)N[C@H]1c2ccccc2C[C@H]1O,1.0,train,../data/images/ClinTox/298.png
299.0,Cc1onc(-c2ccccc2Cl)c1C(=O)N[C@@H]1C(=O)N2[C@@H]1SC(C)(C)[C@@H]2C(=O)[O-],1.0,train,../data/images/ClinTox/299.png
300.0,CO/N=C(\C(=O)N[C@@H]1C(=O)N2C(C(=O)[O-])=C(COC(C)=O)CS[C@H]12)c1csc(N)n1,1.0,train,../data/images/ClinTox/300.png
301.0,CN(C)c1nc(N(C)C)nc(N(C)C)n1,1.0,train,../data/images/ClinTox/301.png
302.0,CNCC[C@H](Oc1cccc2ccccc12)c1cccs1,0.0,train,../data/images/ClinTox/302.png
303.0,O=C(O)C1(C(=O)O)CCC1,0.0,train,../data/images/ClinTox/303.png
304.0,O=[N+]([O-])[O-],1.0,train,../data/images/ClinTox/304.png
305.0,COc1cc(C[C@@H]2c3c(cc(OC)c(OC)c3OC)CC[N+]2(C)CCCOC(=O)CCC(=O)OCCC[N+]2(C)CCc3cc(OC)c(OC)c(OC)c3[C@@H]2Cc2cc(OC)c(OC)c(OC)c2)cc(OC)c1OC,1.0,train,../data/images/ClinTox/305.png
306.0,[NH3+][C@@H]1[C@H]2CN(c3nc4c(cc3F)c(=O)c(C(=O)[O-])cn4-c3ccc(F)cc3F)C[C@@H]12,1.0,train,../data/images/ClinTox/306.png
307.0,O=P1(NCCCl)OCCCN1CCCl,1.0,train,../data/images/ClinTox/307.png
308.0,COc1c(N2C[C@@H]3CCC[NH2+][C@@H]3C2)c(F)cc2c(=O)c(C(=O)[O-])cn(C3CC3)c12,1.0,train,../data/images/ClinTox/308.png
309.0,CN1C(=O)CCS(=O)(=O)C1c1ccc(Cl)cc1,1.0,train,../data/images/ClinTox/309.png
310.0,CNC(=O)c1c(I)c(NC(C)=O)c(I)c(C(=O)[O-])c1I,1.0,train,../data/images/ClinTox/310.png
311.0,C[NH2+][C@@H](C)[C@@H](O)c1ccccc1,1.0,train,../data/images/ClinTox/311.png
312.0,C[NH+](CCCl)CCCl,1.0,train,../data/images/ClinTox/312.png
313.0,CC([NH2+]C(C)(C)C)C(=O)c1cccc(Cl)c1,1.0,train,../data/images/ClinTox/313.png
314.0,CN(C)C(=O)Oc1ccc[n+](C)c1,1.0,train,../data/images/ClinTox/314.png
315.0,COc1cc(NCc2ccc3nc(N)nc(N)c3c2C)cc(OC)c1OC,1.0,train,../data/images/ClinTox/315.png
316.0,O=C([O-])CC(O)(CC(=O)[O-])C(=O)[O-],1.0,train,../data/images/ClinTox/316.png
317.0,CCOc1ccc(-c2cc(C)cn2-c2ccc(S(N)(=O)=O)cc2)cc1,0.0,train,../data/images/ClinTox/317.png
318.0,CC(C)[NH2+]C(C)Cc1ccc([123I])cc1,1.0,train,../data/images/ClinTox/318.png
319.0,COc1ccc(CC2c3cc(OC)c(OC)cc3CC[N+]2(C)CCC(=O)OCCCCCOC(=O)CC[N+]2(C)CCc3cc(OC)c(OC)cc3C2Cc2ccc(OC)c(OC)c2)cc1OC,1.0,train,../data/images/ClinTox/319.png
320.0,COc1ccccc1OCC[NH2+]CC(O)COc1cccc2[nH]c3ccccc3c12,1.0,train,../data/images/ClinTox/320.png
321.0,O=C(/C=C/c1cccc(S(=O)(=O)Nc2ccccc2)c1)NO,0.0,train,../data/images/ClinTox/321.png
322.0,C=C1/C(=C\C=C2/CCC[C@]3(C)[C@@H]([C@H](C)/C=C/[C@@H](O)C4CC4)CC[C@@H]23)C[C@@H](O)C[C@@H]1O,1.0,train,../data/images/ClinTox/322.png
323.0,CC[C@@H]1/C=C(/C)C[C@H](C)C[C@H](OC)[C@H]2O[C@@](O)(C(=O)C(=O)N3CCCC[C@H]3C(=O)O[C@H](/C(C)=C/[C@@H]3CC[C@H](Cl)[C@H](OC)C3)[C@H](C)[C@@H](O)CC1=O)[C@H](C)C[C@@H]2OC,1.0,train,../data/images/ClinTox/323.png
324.0,CCCCOc1cc(C(=O)OCC[NH+](CC)CC)ccc1N,1.0,train,../data/images/ClinTox/324.png
325.0,CC[NH+](CC)C(C)CN1c2ccccc2Sc2ccccc21,1.0,train,../data/images/ClinTox/325.png
326.0,CC(=O)[N-]S(=O)(=O)c1ccc(N)cc1,1.0,train,../data/images/ClinTox/326.png
327.0,CCO/N=C(\C(=O)N[C@@H]1C(=O)N2C(C(=O)[O-])=C(Sc3nc(-c4cc[n+](C)cc4)cs3)CS[C@H]12)c1nsc(NP(=O)([O-])[O-])n1,1.0,train,../data/images/ClinTox/327.png
328.0,C[NH+]1CCC(=C2c3ccccc3CCc3cccnc32)CC1,1.0,train,../data/images/ClinTox/328.png
329.0,CC(=O)c1ccc(S(=O)(=O)[N-]C(=O)NC2CCCCC2)cc1,1.0,train,../data/images/ClinTox/329.png
330.0,COC(=O)N[C@H](C(=O)N[C@@H](Cc1ccccc1)[C@@H](O)CN(Cc1ccc(-c2ccccn2)cc1)NC(=O)[C@@H](NC(=O)OC)C(C)(C)C)C(C)(C)C,1.0,train,../data/images/ClinTox/330.png
331.0,C[C@@H]1C[C@H]2[C@@H]3C[C@H](F)C4=CC(=O)C=C[C@]4(C)[C@@]3(F)[C@@H](O)C[C@]2(C)[C@@]1(OC(=O)c1ccco1)C(=O)SCF,1.0,train,../data/images/ClinTox/331.png
332.0,CN1C(=O)CC(c2ccccc2)C1=O,1.0,train,../data/images/ClinTox/332.png
333.0,COCC1=C(C(=O)OC(C)OC(=O)OC(C)C)N2C(=O)[C@@H](NC(=O)/C(=N\OC)c3csc(N)n3)[C@H]2SC1,1.0,train,../data/images/ClinTox/333.png
334.0,Cc1ccccc1C(OCC[NH+](C)C)c1ccccc1,1.0,train,../data/images/ClinTox/334.png
335.0,O=C([O-])c1cccnc1,1.0,train,../data/images/ClinTox/335.png
336.0,COc1cnc([N-]S(=O)(=O)c2ccc(N)cc2)nc1,1.0,train,../data/images/ClinTox/336.png
337.0,C[NH2+]CC(O)c1ccc(OC(=O)C(C)(C)C)c(OC(=O)C(C)(C)C)c1,1.0,train,../data/images/ClinTox/337.png
338.0,CCNC(=O)[C@@H]1CCCN1C(=O)[C@H](CCCNC(N)=[NH2+])NC(=O)[C@H](CC(C)C)NC(=O)[C@@H](CC(C)C)NC(=O)[C@H](Cc1ccc(O)cc1)NC(=O)[C@H](CO)NC(=O)[C@H](Cc1c[nH]c2ccccc12)NC(=O)[C@H](Cc1cnc[nH]1)NC(=O)[C@@H]1CCC(=O)N1,1.0,train,../data/images/ClinTox/338.png
339.0,OC[C@H]1O[C@@](CO)(O[C@H]2O[C@H](CO)[C@@H](O)[C@H](O)[C@H]2O)[C@@H](O)[C@@H]1O,1.0,train,../data/images/ClinTox/339.png
340.0,CCC[NH+](CCC)CCc1cccc2c1CC(=O)N2,1.0,train,../data/images/ClinTox/340.png
341.0,Nc1nnc(-c2cccc(Cl)c2Cl)c(N)n1,1.0,train,../data/images/ClinTox/341.png
342.0,Cc1c(OCC(F)(F)F)ccnc1C[S@@](=O)c1nc2ccccc2[nH]1,1.0,train,../data/images/ClinTox/342.png
343.0,CC1(C)O[C@@H]2C[C@H]3[C@@H]4C[C@H](F)C5=CC(=O)C=C[C@]5(C)[C@@]4(F)[C@@H](O)C[C@]3(C)[C@]2(C(=O)CO)O1,1.0,train,../data/images/ClinTox/343.png
344.0,C1C[NH2+]CCN1,1.0,train,../data/images/ClinTox/344.png
345.0,CC(C)[NH2+]CC(O)COc1ccc(CC(N)=O)cc1,1.0,train,../data/images/ClinTox/345.png
346.0,OC[C@@H](O)[C@@H](O)[C@H](O)[C@H](O)CO,1.0,train,../data/images/ClinTox/346.png
347.0,O=C1Nc2ccc(Cl)cc2C(c2ccccc2Cl)=NC1O,1.0,train,../data/images/ClinTox/347.png
348.0,CC1=C(/C=C/C(C)=C/C=C/C(C)=C/C=C/C=C(C)/C=C/C=C(C)/C=C/C2=C(C)CCCC2(C)C)C(C)(C)CCC1,1.0,train,../data/images/ClinTox/348.png
349.0,CC(C)[C@@H]1CC[C@@H](C)C[C@H]1O,1.0,train,../data/images/ClinTox/349.png
350.0,CC[N+](CC)(CC)CCC(O)(c1ccccc1)C1CCCCC1,1.0,train,../data/images/ClinTox/350.png
351.0,C#C[C@]1(O)CC[C@H]2[C@@H]3CCC4=CC(=O)CC[C@@H]4[C@H]3C(=C)C[C@@]21CC,1.0,train,../data/images/ClinTox/351.png
352.0,O=c1[nH]cnc2c1ncn2[C@H]1CC[C@@H](CO)O1,1.0,train,../data/images/ClinTox/352.png
353.0,NC(=O)NO,1.0,train,../data/images/ClinTox/353.png
354.0,CC[NH+](CC)CCNC(=O)c1c(C)[nH]c(/C=C2\C(=O)Nc3ccc(F)cc32)c1C,1.0,train,../data/images/ClinTox/354.png
355.0,Clc1ccc2c(c1)CCc1cccnc1C2=C1CC[NH2+]CC1,1.0,train,../data/images/ClinTox/355.png
356.0,CCc1cc(C(N)=S)ccn1,1.0,train,../data/images/ClinTox/356.png
357.0,O=C([O-])Cc1ccccc1,1.0,train,../data/images/ClinTox/357.png
358.0,CC(C)[NH2+]CC(O)COc1cccc2ccccc12,1.0,train,../data/images/ClinTox/358.png
359.0,CCCC(C)(COC(N)=O)COC(N)=O,1.0,train,../data/images/ClinTox/359.png
360.0,Nc1nc(=O)c2c([nH]1)NCC(CNc1ccc(C(=O)N[C@@H](CCC(=O)O)C(=O)O)cc1)N2C=O,0.0,train,../data/images/ClinTox/360.png
361.0,CCCCCCCC/C=C\CCCCCCCC(=O)[O-],1.0,train,../data/images/ClinTox/361.png
362.0,C=C1C[C@@H]2CC[C@@]34C[C@H]5O[C@H]6[C@@H](O3)[C@H]3O[C@H](CC[C@@H]3O[C@H]6[C@H]5O4)CC(=O)C[C@@H]3[C@@H](OC)[C@@H](C[C@H](O)CN)O[C@H]3C[C@H]3O[C@@H](CC[C@@H]1O2)C[C@@H](C)C3=C,0.0,train,../data/images/ClinTox/362.png
363.0,CC[C@H]1OC(=O)[C@H](C)[C@@H](O[C@H]2C[C@@](C)(OC)[C@@H](O)[C@H](C)O2)C(C)[C@@H](O[C@@H]2O[C@H](C)C[C@H]([NH+](C)C)[C@H]2O)[C@](C)(O)C[C@@H](C)C[NH+](C)[C@H](C)[C@@H](O)[C@]1(C)O,1.0,train,../data/images/ClinTox/363.png
364.0,CC1=C(C/C=C(\C)CCC[C@H](C)CCC[C@H](C)CCCC(C)C)C(=O)c2ccccc2C1=O,1.0,train,../data/images/ClinTox/364.png
365.0,Cc1cccc(C)c1OCC(=O)N[C@@H](Cc1ccccc1)[C@@H](O)C[C@H](Cc1ccccc1)NC(=O)[C@H](C(C)C)N1CCCNC1=O,1.0,train,../data/images/ClinTox/365.png
366.0,COc1cc2nc(N(C)CCCNC(=O)C3CCCO3)nc(N)c2cc1OC,1.0,train,../data/images/ClinTox/366.png
367.0,CC#C[C@]1(O)CC[C@H]2[C@@H]3CCC4=CC(=O)CCC4=C3[C@@H](c3ccc(N(C)C)cc3)C[C@@]21C,1.0,train,../data/images/ClinTox/367.png
368.0,O=P([O-])([O-])F,1.0,train,../data/images/ClinTox/368.png
369.0,COC(=O)C1=C(C)NC(C)=C(C(=O)OCC(C)C)C1c1ccccc1[N+](=O)[O-],1.0,train,../data/images/ClinTox/369.png
370.0,CC/C(=C(/CC)c1ccc(OP(=O)([O-])[O-])cc1)c1ccc(OP(=O)([O-])[O-])cc1,1.0,train,../data/images/ClinTox/370.png
371.0,CCCC[NH+]1C[C@H](O)[C@@H](O)[C@H](O)[C@H]1CO,1.0,train,../data/images/ClinTox/371.png
372.0,C[NH+](C)CCOC(C)(c1ccccc1)c1ccccn1,1.0,train,../data/images/ClinTox/372.png
373.0,O=[N+]([O-])O[C@H]1CO[C@H]2[C@@H]1OC[C@H]2O[N+](=O)[O-],1.0,train,../data/images/ClinTox/373.png
374.0,C[C@H]1C[C@H]2[C@@H]3CCC4=CC(=O)C=C[C@]4(C)[C@@]3(F)[C@@H](O)C[C@]2(C)[C@@]1(O)C(=O)CO,1.0,train,../data/images/ClinTox/374.png
375.0,O=C(CCOCCOCCOCCOCCC(=O)Nc1c(I)cc(I)c(C(=O)[O-])c1I)Nc1c(I)cc(I)c(C(=O)[O-])c1I,1.0,train,../data/images/ClinTox/375.png
376.0,CC[NH+](CC)CC#CCOC(=O)C(O)(c1ccccc1)C1CCCCC1,1.0,train,../data/images/ClinTox/376.png
377.0,C[C@]12CC[C@@H]3c4ccc(O)cc4C[C@@H](CCCCCCCCCS(=O)CCCC(F)(F)C(F)(F)F)[C@H]3[C@@H]1CC[C@@H]2O,1.0,train,../data/images/ClinTox/377.png
378.0,CC(C)c1nc(CN(C)C(=O)N[C@H](C(=O)N[C@@H](Cc2ccccc2)C[C@H](O)[C@H](Cc2ccccc2)NC(=O)OCc2cncs2)C(C)C)cs1,1.0,train,../data/images/ClinTox/378.png
379.0,O=[99Tc](=O)(=O)[O-],1.0,train,../data/images/ClinTox/379.png
380.0,COC(=O)Nc1nc2cc(C(=O)c3ccccc3)ccc2[nH]1,1.0,train,../data/images/ClinTox/380.png
381.0,Nc1ccc(O)c(C(=O)[O-])c1,1.0,train,../data/images/ClinTox/381.png
382.0,CC(S)C(=O)NCC(=O)[O-],1.0,train,../data/images/ClinTox/382.png
383.0,CN1CC(=O)N2[C@H](c3ccc4c(c3)OCO4)c3[nH]c4ccccc4c3C[C@@H]2C1=O,1.0,train,../data/images/ClinTox/383.png
384.0,C[NH+](C)CCn1nnnc1SCC1=C(C(=O)[O-])N2C(=O)[C@@H](NC(=O)Cc3csc(N)n3)[C@H]2SC1,1.0,train,../data/images/ClinTox/384.png
385.0,CCCCCCCCCC(=O)N[C@@H](Cc1c[nH]c2ccccc12)C(=O)N[C@H](CC(N)=O)C(=O)N[C@@H](CC(=O)[O-])C(=O)N[C@@H]1C(=O)NCC(=O)N[C@@H](CCC[NH3+])C(=O)N[C@@H](CC(=O)[O-])C(=O)N[C@H](C)C(=O)N[C@@H](CC(=O)[O-])C(=O)NCC(=O)N[C@H](CO)C(=O)N[C@@H]([C@H](C)CC(=O)[O-])C(=O)N[C@@H](CC(=O)c2ccccc2N)C(=O)O[C@@H]1C,1.0,train,../data/images/ClinTox/385.png
386.0,CC(=O)O[C@]1(C(C)=O)CC[C@H]2[C@@H]3C=C(C)C4=CC(=O)CC[C@]4(C)[C@H]3CC[C@@]21C,1.0,train,../data/images/ClinTox/386.png
387.0,O=C(C1CCCCC1)N1CC(=O)N2CCc3ccccc3C2C1,1.0,train,../data/images/ClinTox/387.png
388.0,CCC(=O)OCCNC(=O)C[n+]1ccccc1,1.0,train,../data/images/ClinTox/388.png
389.0,COc1ccc(C(CN(C)C)C2(O)CCCCC2)cc1,0.0,train,../data/images/ClinTox/389.png
390.0,C[NH+]1CCN2c3ncccc3Cc3ccccc3C2C1,1.0,train,../data/images/ClinTox/390.png
391.0,O=C(CCC[NH+]1CC=C(n2c(=O)[nH]c3ccccc32)CC1)c1ccc(F)cc1,1.0,train,../data/images/ClinTox/391.png
392.0,O=C1CCO1,1.0,train,../data/images/ClinTox/392.png
393.0,C#C[C@]1(O)CC[C@H]2[C@@H]3CCC4=C(CCC(=O)C4)[C@H]3CC[C@@]21C,1.0,train,../data/images/ClinTox/393.png
394.0,CCO,1.0,train,../data/images/ClinTox/394.png
395.0,C[C@H](Cn1cnc2c(N)ncnc21)OCP(=O)([O-])[O-],1.0,train,../data/images/ClinTox/395.png
396.0,CC[N+](C)(CC)CCOC(=O)C1c2ccccc2Oc2ccccc21,1.0,train,../data/images/ClinTox/396.png
397.0,Cc1cc(-c2ccc(N/N=C3/C(=O)c4c(N)cc(S(=O)(=O)[O-])cc4C=C3S(=O)(=O)[O-])c(C)c2)ccc1N/N=C1/C(=O)c2c(N)cc(S(=O)(=O)[O-])cc2C=C1S(=O)(=O)[O-],1.0,train,../data/images/ClinTox/397.png
398.0,O=C(Nc1cnccc1Cl)N1CCN(Cc2ccc3c(c2)OC(F)(F)O3)CC1,0.0,train,../data/images/ClinTox/398.png
399.0,CCCCCOc1ccc(-c2cc(-c3ccc(C(=O)N[C@H]4C[C@@H](O)[C@@H](O)NC(=O)[C@@H]5[C@@H](O)[C@@H](C)CN5C(=O)[C@H]([C@H](O)CC(N)=O)NC(=O)[C@H]([C@H](O)[C@@H](O)c5ccc(O)c(OS(=O)(=O)[O-])c5)NC(=O)[C@@H]5C[C@@H](O)CN5C(=O)[C@H]([C@@H](C)O)NC4=O)cc3)no2)cc1,1.0,train,../data/images/ClinTox/399.png
400.0,CCCCCCCCCCNCC[NH2+][C@@]1(C)C[C@H](O[C@H]2[C@H](Oc3c4cc5cc3Oc3ccc(cc3Cl)[C@@H](O)[C@@H](NC(=O)[C@@H](CC(C)C)[NH2+]C)C(=O)N[C@@H](CC(N)=O)C(=O)N[C@H]5C(=O)N[C@H]3C(=O)N[C@H](C(=O)N[C@H](C(=O)[O-])c5cc(O)c(C[NH2+]CP(=O)([O-])[O-])c(O)c5-c5cc3ccc5O)[C@H](O)c3ccc(c(Cl)c3)O4)O[C@H](CO)[C@@H](O)[C@@H]2O)O[C@@H](C)[C@H]1O,1.0,train,../data/images/ClinTox/400.png
401.0,CC(Cc1ccc2c(c1)OCO2)[NH2+]CC(O)c1ccc(O)c(O)c1,1.0,train,../data/images/ClinTox/401.png
402.0,C[C@@H]1C[C@H]2[C@@H]3C[C@H](F)C4=CC(=O)C=C[C@]4(C)[C@@]3(Cl)[C@@H](O)C[C@]2(C)[C@H]1C(=O)COC(=O)C(C)(C)C,1.0,train,../data/images/ClinTox/402.png
403.0,COc1c(N2CC[NH2+]C(C)C2)c(F)cc2c(=O)c(C(=O)[O-])cn(C3CC3)c12,1.0,train,../data/images/ClinTox/403.png
404.0,[NH3+]CCCC[C@H]([NH2+][C@@H](CCc1ccccc1)C(=O)[O-])C(=O)N1CCC[C@H]1C(=O)[O-],1.0,train,../data/images/ClinTox/404.png
405.0,C[NH+]1CCC(=C2c3ccccc3CC(=O)c3sccc32)CC1,1.0,train,../data/images/ClinTox/405.png
406.0,C[C@]12CC[C@H]3[C@@H](CCC4=CC(=O)CC[C@@H]43)[C@@H]1CC[C@@H]2OC(=O)CCc1ccccc1,1.0,train,../data/images/ClinTox/406.png
407.0,Cc1nc2c([nH]1)CCN(C(=O)c1ccc(NC(=O)c3ccccc3-c3ccccc3)cc1)c1ccccc1-2,1.0,train,../data/images/ClinTox/407.png
408.0,c1cc(C[NH+]2CCCNCC[NH2+]CCCNCC2)ccc1C[NH+]1CCCNCC[NH2+]CCCNCC1,1.0,train,../data/images/ClinTox/408.png
409.0,C[N+]1(C)CCN(CC(O)(c2ccccc2)C2CCCCC2)CC1,1.0,train,../data/images/ClinTox/409.png
410.0,CC1=C(/C=C/C(C)=C\C=C\C(C)=C\C(=O)[O-])C(C)(C)CCC1,1.0,train,../data/images/ClinTox/410.png
411.0,NS(=O)(=O)c1cc(Cl)c(Cl)c(S(N)(=O)=O)c1,1.0,train,../data/images/ClinTox/411.png
412.0,NC(=O)CCC1NC(=O)C(Cc2ccccc2)NC(=O)C(Cc2ccc(O)cc2)NC(=O)C([NH3+])CSSCC(C(=O)N2CCCC2C(=O)NC(CCCC[NH3+])C(=O)NCC(N)=O)NC(=O)C(CC(N)=O)NC1=O,1.0,train,../data/images/ClinTox/412.png
413.0,CC(C)[C@@H](CN1CC[C@@](C)(c2cccc(O)c2)[C@@H](C)C1)NC(=O)[C@H]1Cc2ccc(O)cc2CN1,0.0,train,../data/images/ClinTox/413.png
414.0,[NH3+]CC(CC(=O)[O-])c1ccc(Cl)cc1,1.0,train,../data/images/ClinTox/414.png
415.0,CC(C)(C)[NH2+]CC(O)c1ccc(O)c(CO)c1,1.0,train,../data/images/ClinTox/415.png
416.0,Cc1noc([N-]S(=O)(=O)c2ccc(N)cc2)c1C,1.0,train,../data/images/ClinTox/416.png
417.0,CC(C)(CO)[C@@H](O)C(=O)NCCC(=O)[O-],1.0,train,../data/images/ClinTox/417.png
418.0,O=C1OCCN1/N=C/c1ccc([N+](=O)[O-])o1,1.0,train,../data/images/ClinTox/418.png
419.0,COc1cccc2c1C(=O)c1c([O-])c3c(c([O-])c1C2=O)C[C@@](O)(C(=O)CO)C[C@@H]3O[C@H]1C[C@H]([NH3+])[C@H](O)[C@H](C)O1,1.0,train,../data/images/ClinTox/419.png
420.0,OC(CC[NH+]1CCCCC1)(c1ccccc1)C1CCCCC1,1.0,train,../data/images/ClinTox/420.png
421.0,Cc1cccc(C)c1NC(=O)C(C)[NH3+],1.0,train,../data/images/ClinTox/421.png
422.0,Cn1nc(C(=O)NC2CC3CCCC(C2)[NH+]3C)c2ccccc21,1.0,train,../data/images/ClinTox/422.png
423.0,C[C@H]1C[C@H]2[C@@H]3CCC4=CC(=O)C=C[C@]4(C)[C@@]3(F)[C@@H](O)C[C@]2(C)[C@@]1(OC(=O)c1ccccc1)C(=O)CO,1.0,train,../data/images/ClinTox/423.png
424.0,CCC(=O)N(c1ccccc1)C1(COC)CC[NH+](CCn2nnn(CC)c2=O)CC1,1.0,train,../data/images/ClinTox/424.png
425.0,C[N+]1(C)C2CCC1CC(OC(=O)C(O)c1ccccc1)C2,1.0,train,../data/images/ClinTox/425.png
426.0,CCCCS(=O)(=O)N[C@@H](Cc1ccc(OCCCCC2CC[NH2+]CC2)cc1)C(=O)[O-],1.0,train,../data/images/ClinTox/426.png
427.0,CC(C)(C)CC(C)(C)c1ccc(O)cc1,1.0,train,../data/images/ClinTox/427.png
428.0,CC(C)(C)[NH2+]C[C@H](O)COc1ccccc1C1CCCC1,1.0,train,../data/images/ClinTox/428.png
429.0,CO[C@H]1/C=C/O[C@@]2(C)Oc3c(C)c(O)c4c(O)c(c5c(nc6cc(C)ccn65)c4c3C2=O)NC(=O)/C(C)=C\C=C\[C@H](C)[C@H](O)[C@@H](C)[C@@H](O)[C@@H](C)[C@H](OC(C)=O)[C@@H]1C,1.0,train,../data/images/ClinTox/429.png
430.0,C[NH+]1CCN(C(c2ccccc2)c2ccccc2)CC1,1.0,train,../data/images/ClinTox/430.png
431.0,O=C([O-])Cc1ccccc1Nc1c(Cl)cccc1Cl,1.0,train,../data/images/ClinTox/431.png
432.0,COc1cc(C(=O)NCc2ccc(OCC[NH+](C)C)cc2)cc(OC)c1OC,1.0,train,../data/images/ClinTox/432.png
433.0,Cc1cccc(C)c1NC(=O)C[NH+](CC(=O)[O-])CC(=O)[O-],1.0,train,../data/images/ClinTox/433.png
434.0,O=C([O-])c1ccc(NC(=O)C(Cc2ccc(O)cc2)NC(=O)c2ccccc2)cc1,1.0,train,../data/images/ClinTox/434.png
435.0,COc1cccc(OC)c1C(=O)N[C@@H]1C(=O)N2[C@@H]1SC(C)(C)[C@@H]2C(=O)[O-],1.0,train,../data/images/ClinTox/435.png
436.0,CC(=O)N[C@H](Cc1ccc2ccccc2c1)C(=O)N[C@H](Cc1ccc(Cl)cc1)C(=O)N[C@H](Cc1cccnc1)C(=O)N[C@@H](CO)C(=O)N(C)[C@@H](Cc1ccc(O)cc1)C(=O)N[C@H](CC(N)=O)C(=O)N[C@@H](CC(C)C)C(=O)N[C@@H](CCCC[NH2+]C(C)C)C(=O)N1CCC[C@H]1C(=O)N[C@H](C)C(N)=O,1.0,train,../data/images/ClinTox/436.png
437.0,C[NH+](C)CC(c1ccc(O)cc1)C1(O)CCCCC1,1.0,train,../data/images/ClinTox/437.png
438.0,C[C@]12CCC(=O)C=C1CC[C@@H]1[C@@H]2[C@@H](O)C[C@@]2(C)[C@H]1CC[C@]2(O)C(=O)COC(=O)CCC(=O)[O-],1.0,train,../data/images/ClinTox/438.png
439.0,CCNC(=O)[C@@H]1CCCN1C(=O)[C@H](CCCNC(N)=[NH2+])NC(=O)[C@H](CC(C)C)NC(=O)[C@@H](Cc1cn(Cc2ccccc2)cn1)NC(=O)[C@H](Cc1ccc(O)cc1)NC(=O)[C@H](CO)NC(=O)[C@H](Cc1c[nH]c2ccccc12)NC(=O)[C@H](Cc1cnc[nH]1)NC(=O)[C@@H]1CCC(=O)N1,1.0,train,../data/images/ClinTox/439.png
440.0,[NH3+]C[C@H](O)c1ccc(O)c(O)c1,1.0,train,../data/images/ClinTox/440.png
441.0,C[NH+](C)CCC=C1c2ccccc2CCc2ccccc21,1.0,train,../data/images/ClinTox/441.png
442.0,CCC[NH2+]C(C)C(=O)Nc1ccccc1C,1.0,train,../data/images/ClinTox/442.png
443.0,CCCCCCCCCCCCCCCC(=O)O[C@@H]1CCCn2c1nc(C)c(CC[NH+]1CCC(c3noc4cc(F)ccc34)CC1)c2=O,1.0,train,../data/images/ClinTox/443.png
444.0,CC(c1cc2ccccc2s1)N(O)C(N)=O,1.0,train,../data/images/ClinTox/444.png
445.0,NC1=[NH+]CC2c3ccccc3Cc3ccccc3N12,1.0,train,../data/images/ClinTox/445.png
446.0,CC(C)c1nc(N(C)S(C)(=O)=O)nc(-c2ccc(F)cc2)c1/C=C/[C@@H](O)C[C@@H](O)CC(=O)[O-],1.0,train,../data/images/ClinTox/446.png
447.0,[NH3+]CCS,1.0,train,../data/images/ClinTox/447.png
448.0,CN(C(=O)CC(=O)N(C)c1c(I)c(C(=O)NC(CO)C(O)CO)c(I)c(C(=O)NC(CO)C(O)CO)c1I)c1c(I)c(C(=O)NC(CO)C(O)CO)c(I)c(C(=O)NC(CO)C(O)CO)c1I,1.0,train,../data/images/ClinTox/448.png
449.0,CCCCCCCC(=O)OCC(O)CO,1.0,train,../data/images/ClinTox/449.png
450.0,CC(=O)S[C@@H]1CC2=CC(=O)CC[C@]2(C)[C@H]2CC[C@@]3(C)[C@@H](CC[C@@]34CCC(=O)O4)[C@H]12,1.0,train,../data/images/ClinTox/450.png
451.0,CC[C@H](C)C(=O)O[C@H]1C[C@H](O)C=C2C=C[C@H](C)[C@H](CC[C@@H](O)C[C@@H](O)CC(=O)[O-])[C@H]21,1.0,train,../data/images/ClinTox/451.png
452.0,FC(F)OC(Cl)C(F)(F)F,1.0,train,../data/images/ClinTox/452.png
453.0,CC(C)C[C@@H](NC(=O)[C@H](C)NC(=O)CNC(=O)[C@@H](NC=O)C(C)C)C(=O)N[C@@H](C)C(=O)N[C@@H](C(=O)N[C@H](C(=O)N[C@H](C(=O)N[C@@H](Cc1c[nH]c2ccccc12)C(=O)N[C@H](CC(C)C)C(=O)N[C@@H](Cc1c[nH]c2ccccc12)C(=O)N[C@H](CC(C)C)C(=O)N[C@@H](Cc1c[nH]c2ccccc12)C(=O)N[C@H](CC(C)C)C(=O)N[C@@H](Cc1c[nH]c2ccccc12)C(=O)NCCO)C(C)C)C(C)C)C(C)C,1.0,train,../data/images/ClinTox/453.png
454.0,CCC(=O)O[C@]1(C(=O)CCl)[C@@H](C)CC2C3C[C@H](F)C4=CC(=O)C=CC4(C)[C@@]3(F)C(O)CC21C,1.0,train,../data/images/ClinTox/454.png
455.0,OCCOCC[NH+]1CCN(C2=[NH+]c3ccccc3Sc3ccccc32)CC1,1.0,train,../data/images/ClinTox/455.png
456.0,O=C1CN(/N=C/c2ccc(-c3ccc([N+](=O)[O-])cc3)o2)C(=O)N1,1.0,train,../data/images/ClinTox/456.png
457.0,CCCCCCCCCCCCCCCC[N+](C)(C)CCN(Cc1ccc(OC)cc1)c1ncccn1,1.0,train,../data/images/ClinTox/457.png
458.0,CC[NH+](CC)CCOC(=O)c1ccc(N)cc1,1.0,train,../data/images/ClinTox/458.png
459.0,CCc1nn(CCC[NH+]2CCN(c3cccc(Cl)c3)CC2)c(=O)n1CCOc1ccccc1,1.0,train,../data/images/ClinTox/459.png
460.0,Cn1cnc([N+](=O)[O-])c1Sc1ncnc2nc[nH]c12,1.0,train,../data/images/ClinTox/460.png
461.0,C[C@]12C=CC(=O)C=C1CC[C@@H]1[C@@H]2CC[C@]2(C)OC(=O)CC[C@@H]12,1.0,train,../data/images/ClinTox/461.png
462.0,CCC(=O)N(c1ccccc1)C1(C(=O)OC)CC[NH+](CCC(=O)OC)CC1,1.0,train,../data/images/ClinTox/462.png
463.0,COC(F)(F)C(Cl)Cl,1.0,train,../data/images/ClinTox/463.png
464.0,Nc1nc(=O)c2nc(CNc3ccc(C(=O)N[C@@H](CCC(=O)[O-])C(=O)[O-])cc3)cnc2[nH]1,1.0,train,../data/images/ClinTox/464.png
465.0,CC[C@H]1OC(=O)[C@H](C)[C@@H](O[C@H]2C[C@@](C)(OC)[C@@H](O)[C@H](C)O2)[C@H](C)[C@@H](O[C@@H]2O[C@H](C)C[C@H]([NH+](C)C)[C@H]2O)[C@](C)(O)C[C@@H](C)C(=O)[C@H](C)[C@@H](O)[C@]1(C)O,1.0,train,../data/images/ClinTox/465.png
466.0,CCCC(=O)Nc1c(I)cc(I)c(CC(CC)C(=O)[O-])c1I,1.0,train,../data/images/ClinTox/466.png
467.0,COC(=O)[C@@H]1CC2=CC(=O)CC[C@]2(C)[C@@]23O[C@@H]2C[C@@]2(C)[C@@H](CC[C@@]24CCC(=O)O4)[C@H]13,1.0,train,../data/images/ClinTox/467.png
468.0,Cc1ccc(-c2cc(C(F)(F)F)nn2-c2ccc(S(N)(=O)=O)cc2)cc1,1.0,train,../data/images/ClinTox/468.png
469.0,CC[NH2+][C@@H]1C[C@H]([NH3+])[C@@H](O[C@H]2OC(C[NH3+])=CC[C@H]2[NH3+])[C@H](O)[C@H]1O[C@H]1OC[C@](C)(O)[C@H]([NH2+]C)[C@H]1O,1.0,train,../data/images/ClinTox/469.png
470.0,COc1cccc([C@@]2(O)CCCC[C@@H]2CN(C)C)c1,0.0,train,../data/images/ClinTox/470.png
471.0,Cc1cc2nc3c(=O)[nH]c(=O)nc-3n(C[C@H](O)[C@H](O)[C@H](O)COP(=O)([O-])[O-])c2cc1C,1.0,train,../data/images/ClinTox/471.png
472.0,CC(C)CC(NC(=O)C(Cc1ccc2ccccc2c1)NC(=O)C(Cc1ccc(O)cc1)NC(=O)C(CO)NC(=O)C(Cc1c[nH]c2ccccc12)NC(=O)C(Cc1c[nH]cn1)NC(=O)C1CCC(=O)N1)C(=O)NC(CCCNC(N)=[NH2+])C(=O)N1CCCC1C(=O)NCC(N)=O,1.0,train,../data/images/ClinTox/472.png
473.0,COc1ccc2c3c1O[C@H]1C(=O)CC[C@@]4(O)[C@@H](C2)[NH+](C)CC[C@]314,1.0,train,../data/images/ClinTox/473.png
474.0,CN/C(=N\C#N)NCCSCc1nc[nH]c1C,1.0,train,../data/images/ClinTox/474.png
475.0,CCC1(c2ccccc2)CCC(=O)NC1=O,1.0,train,../data/images/ClinTox/475.png
476.0,Oc1ccc(O)cc1,1.0,train,../data/images/ClinTox/476.png
477.0,CC(=O)O[C@H]1C(=O)[C@@]2(C)[C@H]([C@H](OC(=O)c3ccccc3)[C@]3(O)C[C@H](OC(=O)[C@H](O)[C@@H](NC(=O)c4ccccc4)c4ccccc4)C(C)=C1C3(C)C)[C@]1(OC(C)=O)CO[C@@H]1C[C@@H]2O,1.0,train,../data/images/ClinTox/477.png
478.0,Cc1ccc(NC(=O)c2ccc(CN3CCN(C)CC3)cc2)cc1Nc1nccc(-c2cccnc2)n1,0.0,train,../data/images/ClinTox/478.png
479.0,Cc1ccccc1C(=O)Nc1ccc(C(=O)N2CCCC(O)c3cc(Cl)ccc32)c(C)c1,1.0,train,../data/images/ClinTox/479.png
480.0,CC(C)(O)c1ccccc1CC[C@@H](SCC1(CC(=O)[O-])CC1)c1cccc(/C=C/c2ccc3ccc(Cl)cc3n2)c1,1.0,train,../data/images/ClinTox/480.png
481.0,C=C(C)[C@@H]1CC[C@@]2(C1)C(C)=CCC[C@@H]2C,1.0,train,../data/images/ClinTox/481.png
482.0,Nc1nc(=O)c2c(CCc3ccc(C(=O)N[C@@H](CCC(=O)O)C(=O)O)cc3)c[nH]c2[nH]1,0.0,train,../data/images/ClinTox/482.png
483.0,CC(CCc1ccc(O)cc1)[NH2+]CCc1ccc(O)c(O)c1,1.0,train,../data/images/ClinTox/483.png
484.0,CCC1(C)CC(=O)NC1=O,1.0,train,../data/images/ClinTox/484.png
485.0,COCCOC(=O)C1=C(C)NC(C)=C(C(=O)OC(C)C)C1c1cccc([N+](=O)[O-])c1,1.0,train,../data/images/ClinTox/485.png
486.0,NC(N)=[NH+]C(=O)Cc1c(Cl)cccc1Cl,1.0,train,../data/images/ClinTox/486.png
487.0,FC(F)(F)C(F)(F)C(F)(F)C(F)(F)C(F)(F)C(F)(F)C(F)(F)C(F)(F)Br,1.0,train,../data/images/ClinTox/487.png
488.0,COc1ccc(C(=O)c2ccccc2)c(O)c1,1.0,train,../data/images/ClinTox/488.png
489.0,Nc1c(CC(=O)[O-])cccc1C(=O)c1ccc(Br)cc1,1.0,train,../data/images/ClinTox/489.png
490.0,CCCC(CCC)C(=O)O[C@H]1C[C@H]2CC[C@@H](C1)[N+]2(C)C,1.0,train,../data/images/ClinTox/490.png
491.0,Cc1ccc(C(=O)c2ccc(CC(=O)[O-])n2C)cc1,1.0,train,../data/images/ClinTox/491.png
492.0,O=[Ti]=O,1.0,train,../data/images/ClinTox/492.png
493.0,CCC[NH+]1C[C@H](CSC)C[C@@H]2c3cccc4[nH]cc(c34)C[C@H]21,1.0,train,../data/images/ClinTox/493.png
494.0,CC[NH+](CC)CCCC(C)Nc1cc[nH+]c2cc(Cl)ccc12,1.0,train,../data/images/ClinTox/494.png
495.0,CSCC[C@H](NC(=O)[C@H](Cc1c[nH]c2ccccc12)NC(=O)CCNC(=O)OCC(C)C)C(=O)N[C@@H](CC(=O)[O-])C(=O)N[C@@H](Cc1ccccc1)C(N)=O,1.0,train,../data/images/ClinTox/495.png
496.0,O=C([O-])CCC(=O)OC[C@@H](NC(=O)[C-](Cl)Cl)[C@H](O)c1ccc([N+](=O)[O-])cc1,1.0,train,../data/images/ClinTox/496.png
497.0,CCC(C)CCCC(=O)N[C@@H](CC[NH3+])C(=O)N[C@H](C(=O)N[C@@H](CC[NH3+])C(=O)N[C@H]1CCNC(=O)[C@H]([C@@H](C)O)NC(=O)[C@H](CC[NH3+])NC(=O)[C@H](CC[NH3+])NC(=O)[C@H](CC(C)C)NC(=O)[C@@H](CC(C)C)NC(=O)[C@H](CC[NH3+])NC1=O)[C@@H](C)O,1.0,train,../data/images/ClinTox/497.png
498.0,CCOC(=O)[C@H](CCc1ccccc1)[NH2+][C@H]1CCc2ccccc2N(CC(=O)[O-])C1=O,1.0,train,../data/images/ClinTox/498.png
499.0,NC(=O)N1c2ccccc2C=Cc2ccccc21,1.0,train,../data/images/ClinTox/499.png
500.0,Oc1cccc2cccnc12,1.0,train,../data/images/ClinTox/500.png
501.0,CC(=O)[C@]1(O)Cc2c([O-])c3c(c([O-])c2[C@@H](O[C@H]2C[C@H]([NH3+])[C@H](O)[C@H](C)O2)C1)C(=O)c1ccccc1C3=O,1.0,train,../data/images/ClinTox/501.png
502.0,CCN(CC)C(=O)C1C[NH+]2CCc3cc(OC)c(OC)cc3C2CC1OC(C)=O,1.0,train,../data/images/ClinTox/502.png
503.0,CCCCC(F)(F)[C@@]1(O)CC[C@@H]2[C@H](CCCCCCC(=O)[O-])C(=O)C[C@H]2O1,1.0,train,../data/images/ClinTox/503.png
504.0,CCCCCCCCc1ccc(CCC([NH3+])(CO)CO)cc1,1.0,train,../data/images/ClinTox/504.png
505.0,O=[32P]([O-])([O-])O,1.0,train,../data/images/ClinTox/505.png
506.0,CC(C)OC(=O)CCC/C=C\C[C@@H]1[C@@H](/C=C/[C@@H](O)COc2cccc(C(F)(F)F)c2)[C@H](O)C[C@@H]1O,1.0,train,../data/images/ClinTox/506.png
507.0,CCn1cc(C(=O)[O-])c(=O)c2cc(F)c(N3CC[NH2+]C(C)C3)c(F)c21,1.0,train,../data/images/ClinTox/507.png
508.0,COc1cc(N)c(Cl)cc1C(=O)NC1CC[NH+](CCCOc2ccc(F)cc2)CC1OC,1.0,train,../data/images/ClinTox/508.png
509.0,CCOC(=O)C1=C(COCC[NH3+])NC(C)=C(C(=O)OC)C1c1ccccc1Cl,1.0,train,../data/images/ClinTox/509.png
510.0,COc1ccc(CC(C)[NH2+]CC(O)c2ccc(O)c(NC=O)c2)cc1,1.0,train,../data/images/ClinTox/510.png
511.0,Cc1cccc(C[NH+]2CCN(C(c3ccccc3)c3ccc(Cl)cc3)CC2)c1,1.0,train,../data/images/ClinTox/511.png
512.0,Cc1c(C)c2c(c(C)c1O)CCC(C)(COc1ccc(CC3SC(=O)[N-]C3=O)cc1)O2,1.0,train,../data/images/ClinTox/512.png
513.0,[NH3+][C@H](Cc1cc(I)c(Oc2cc(I)c([O-])c(I)c2)c(I)c1)C(=O)[O-],1.0,train,../data/images/ClinTox/513.png
514.0,Cc1cccn2c(=O)c(-c3nnn[n-]3)cnc12,1.0,train,../data/images/ClinTox/514.png
515.0,O[C@@H]1CO[C@H]2[C@@H]1OC[C@@H]2O,1.0,train,../data/images/ClinTox/515.png
516.0,[NH2+]=C(NCCCCCCNC(=[NH2+])NC(=[NH2+])Nc1ccc(Cl)cc1)NC(=[NH2+])Nc1ccc(Cl)cc1,1.0,train,../data/images/ClinTox/516.png
517.0,CN(C)/C=[NH+]/c1c(I)cc(I)c(CCC(=O)[O-])c1I,1.0,train,../data/images/ClinTox/517.png
518.0,CC(C)/N=c1\cc2n(-c3ccc(Cl)cc3)c3ccccc3nc-2cc1Nc1ccc(Cl)cc1,1.0,train,../data/images/ClinTox/518.png
519.0,Clc1ccc(CO/N=C(/Cn2ccnc2)c2ccc(Cl)cc2Cl)c(Cl)c1,1.0,train,../data/images/ClinTox/519.png
520.0,O=C([O-])c1ccccc1,1.0,train,../data/images/ClinTox/520.png
521.0,C[C@]12CC[C@@H]3c4ccc(OC(=O)N(CCCl)CCCl)cc4CC[C@H]3[C@@H]1CC[C@@H]2OP(=O)([O-])[O-],1.0,train,../data/images/ClinTox/521.png
522.0,NC(N)=[NH2+],1.0,train,../data/images/ClinTox/522.png
523.0,C=CCC1(C(C)CC)C(=O)NC(=O)NC1=O,1.0,train,../data/images/ClinTox/523.png
524.0,CN(C)N/N=C1/N=CN=C1C(N)=O,0.0,train,../data/images/ClinTox/524.png
525.0,[H]/[NH+]=C(\N)c1ccc(OCCCCCOc2ccc(/C(N)=[NH+]/[H])cc2)cc1,1.0,train,../data/images/ClinTox/525.png
526.0,CN1CCN(c2ccc3c(c2)N/C(=C2\C(=O)N=c4cccc(F)c4=C2N)N3)CC1,0.0,train,../data/images/ClinTox/526.png
527.0,CC1=C2N3[Co]456(C#N)<-N7=C1[C@@H](CCC(N)=O)C(C)(C)C7=CC1=N->4C(=C(C)C4=N->5[C@@](C)([C@H]3[C@H](CC(N)=O)[C@@]2(C)CCC(=O)NC[C@@H](C)OP(=O)(O)O[C@H]2[C@@H](O)[C@@H](n3cn->6c5cc(C)c(C)cc53)O[C@@H]2CO)[C@@](C)(CC(N)=O)[C@@H]4CCC(N)=O)[C@@](C)(CC(N)=O)[C@@H]1CCC(N)=O,1.0,train,../data/images/ClinTox/527.png
528.0,C/C=C/C(=O)N(CC)c1ccccc1C,1.0,train,../data/images/ClinTox/528.png
529.0,CCc1ccc(CCOc2ccc(CC3SC(=O)[N-]C3=O)cc2)nc1,1.0,train,../data/images/ClinTox/529.png
530.0,Cc1cc(C)c(/C=C2\C(=O)Nc3ccccc32)[nH]1,1.0,train,../data/images/ClinTox/530.png
531.0,COc1cc2ncnc(Nc3ccc(F)c(Cl)c3)c2cc1OCCC[NH+]1CCOCC1,1.0,train,../data/images/ClinTox/531.png
532.0,CN(C)S(=O)(=O)c1ccc2c(c1)/C(=C\CCN1CC[NH+](C)CC1)c1ccccc1S2,1.0,train,../data/images/ClinTox/532.png
533.0,CC(=O)Oc1c(C)cc(OCC(O)C[NH2+]C(C)C)c(C)c1C,1.0,train,../data/images/ClinTox/533.png
534.0,C[C@H](CCC(=O)[O-])[C@H]1CC[C@H]2[C@@H]3[C@H](O)C[C@@H]4C[C@H](O)CC[C@]4(C)[C@H]3CC[C@]12C,1.0,train,../data/images/ClinTox/534.png
535.0,O=S([O-])CNc1ccc(S(=O)(=O)c2ccc(NCS(=O)[O-])cc2)cc1,1.0,train,../data/images/ClinTox/535.png
536.0,CC(C)C[C@H](NC(=O)[C@@H](COC(C)(C)C)NC(=O)[C@H](Cc1ccc(O)cc1)NC(=O)[C@H](CO)NC(=O)[C@H](Cc1c[nH]c2ccccc12)NC(=O)[C@H](Cc1cnc[nH]1)NC(=O)[C@@H]1CCC(=O)N1)C(=O)N[C@@H](CCCN=C(N)N)C(=O)N1CCC[C@H]1C(=O)NNC(N)=O,0.0,train,../data/images/ClinTox/536.png
537.0,OC(CCC[NH+]1CCCCC1)(c1ccccc1)c1ccccc1,1.0,train,../data/images/ClinTox/537.png
538.0,CC1(C)SC(C(NC(=O)Cc2ccccc2)C(=O)NCCCCCC(=O)[O-])[NH2+]C1C(=O)[O-],1.0,train,../data/images/ClinTox/538.png
539.0,CO/N=C(\C(=O)N[C@@H]1C(=O)N2C(C(=O)[O-])=C(CSc3nc(=O)c(=O)[nH]n3C)CS[C@H]12)c1csc(N)n1,1.0,train,../data/images/ClinTox/539.png
540.0,COc1cc2ncnc(Nc3ccc(F)c(Cl)c3)c2cc1OCCCN1CCOCC1,0.0,train,../data/images/ClinTox/540.png
541.0,NS(=O)(=O)c1cc(C2(O)NC(=O)c3ccccc32)ccc1Cl,1.0,train,../data/images/ClinTox/541.png
542.0,COc1cc(C)c(/C=C/C(C)=C/C=C/C(C)=C/C(=O)[O-])c(C)c1C,1.0,train,../data/images/ClinTox/542.png
543.0,CCc1c(C)[nH]c2c1C(=O)C(C[NH+]1CCOCC1)CC2,1.0,train,../data/images/ClinTox/543.png
544.0,CC(=O)/N=c1\sc(S(N)(=O)=O)nn1C,1.0,train,../data/images/ClinTox/544.png
545.0,C[C@]12C=CC(=O)C=C1CC[C@H]1[C@@H]3C[C@@H](O)[C@](O)(C(=O)CO)[C@@]3(C)C[C@H](O)[C@@]12F,1.0,train,../data/images/ClinTox/545.png
546.0,CC(=O)N[C@H]1[C@H]([C@H](O)[C@H](O)CO)OC(C(=O)[O-])=C[C@@H]1[NH+]=C(N)N,1.0,train,../data/images/ClinTox/546.png
547.0,CC(=O)O[C@@]12CO[C@@H]1C[C@H](O)[C@@]1(C)C(=O)[C@H](O)C3=C(C)[C@@H](OC(=O)[C@H](O)[C@@H](NC(=O)OC(C)(C)C)c4ccccc4)C[C@@](O)([C@@H](OC(=O)c4ccccc4)[C@H]21)C3(C)C,1.0,train,../data/images/ClinTox/547.png
548.0,CC[C@@H](C(N)=O)N1CCCC1=O,1.0,train,../data/images/ClinTox/548.png
549.0,CC(C)OC(=O)CCC/C=C\C[C@@H]1[C@@H](CC[C@@H](O)CCc2ccccc2)[C@H](O)C[C@@H]1O,1.0,train,../data/images/ClinTox/549.png
550.0,CC[C@@H](CO)NC(=O)[C@@H]1C=C2c3cccc4c3c(cn4C)C[C@H]2[NH+](C)C1,1.0,train,../data/images/ClinTox/550.png
551.0,Clc1ccc(C(c2ccccc2Cl)C(Cl)Cl)cc1,1.0,train,../data/images/ClinTox/551.png
552.0,[NH3+]CCc1ccc(O)c(O)c1,1.0,train,../data/images/ClinTox/552.png
553.0,CCCCC[C@H](O)/C=C/[C@@H]1[C@@H](C/C=C\CCCC(=O)[O-])[C@@H](O)C[C@H]1O,1.0,train,../data/images/ClinTox/553.png
554.0,Cl[Cr](Cl)Cl,1.0,train,../data/images/ClinTox/554.png
555.0,C/C(=C\c1csc(C)n1)[C@@H]1C[C@@H]2O[C@]2(C)CCC[C@H](C)[C@H](O)[C@@H](C)C(=O)C(C)(C)[C@@H](O)CC(=O)N1,1.0,train,../data/images/ClinTox/555.png
556.0,Cc1cn[nH]c1,1.0,train,../data/images/ClinTox/556.png
557.0,NC(=O)c1cn(Cc2c(F)cccc2F)nn1,1.0,train,../data/images/ClinTox/557.png
558.0,COc1ccc(CN(CC[NH+](C)C)c2ccccn2)cc1,1.0,train,../data/images/ClinTox/558.png
559.0,Cc1nc2n(c(=O)c1CCN1CCC(c3noc4cc(F)ccc34)CC1)CCCC2,0.0,train,../data/images/ClinTox/559.png
560.0,O=C1CN=C(c2ccccc2)c2cc(Cl)ccc2N1CC1CC1,1.0,train,../data/images/ClinTox/560.png
561.0,CNC(=O)CN(CCN(CC[NH+](CC(=O)[O-])CC(=O)NC)CC(=O)[O-])CC(=O)[O-],1.0,train,../data/images/ClinTox/561.png
562.0,Cn1c(CCCC(=O)[O-])nc2cc(N(CCCl)CCCl)ccc21,1.0,train,../data/images/ClinTox/562.png
563.0,CO[C@@]1(NC(=O)CSCC#N)C(=O)N2C(C(=O)[O-])=C(CSc3nnnn3C)CS[C@@H]21,1.0,train,../data/images/ClinTox/563.png
564.0,COc1cccc2c1C(=O)c1c([O-])c3c(c([O-])c1C2=O)C[C@@](O)(C(C)=O)C[C@@H]3O[C@H]1C[C@H]([NH3+])[C@H](O)[C@H](C)O1,1.0,train,../data/images/ClinTox/564.png
565.0,CCOC(=O)[C@@](C)([NH3+])Cc1ccc(O)c(O)c1,1.0,train,../data/images/ClinTox/565.png
566.0,C=CC[NH+]1CC[C@]23c4c5ccc(O)c4O[C@H]2C(=O)CC[C@@]3(O)[C@H]1C5,1.0,train,../data/images/ClinTox/566.png
567.0,O=[Zn],1.0,train,../data/images/ClinTox/567.png
568.0,CC(Cc1ccccc1)[NH+](C)Cc1ccccc1,1.0,train,../data/images/ClinTox/568.png
569.0,COC(=O)c1ccccc1O,1.0,train,../data/images/ClinTox/569.png
570.0,C[NH+](C)CCCN1c2ccccc2Sc2ccc(Cl)cc21,1.0,train,../data/images/ClinTox/570.png
571.0,NC(=O)c1cccnc1,1.0,train,../data/images/ClinTox/571.png
572.0,[O-]n1ccccc1=S,1.0,train,../data/images/ClinTox/572.png
573.0,Cc1c(O)cccc1C(=O)N[C@@H](CSc1ccccc1)[C@H](O)C[NH+]1C[C@H]2CCCC[C@H]2C[C@H]1C(=O)NC(C)(C)C,1.0,train,../data/images/ClinTox/573.png
574.0,CCOC(=O)CC(SP(=S)(OC)OC)C(=O)OCC,1.0,train,../data/images/ClinTox/574.png
575.0,Nc1nc(NC2CC2)c2ncn([C@H]3C=C[C@@H](CO)C3)c2n1,1.0,train,../data/images/ClinTox/575.png
576.0,C#C[C@]1(O)CC[C@H]2[C@@H]3CCc4cc(OC)ccc4[C@H]3CC[C@@]21C,1.0,train,../data/images/ClinTox/576.png
577.0,C[C@H]1[C@H](NC(=O)/C(=N\OC(C)(C)C(=O)[O-])c2csc(N)n2)C(=O)N1S(=O)(=O)[O-],1.0,train,../data/images/ClinTox/577.png
578.0,[NH3+]C(CO)(CO)CO,1.0,train,../data/images/ClinTox/578.png
579.0,CC1(C)O[C@@H]2C[C@H]3[C@@H]4CCC5=CC(=O)C=C[C@]5(C)[C@H]4[C@@H](O)C[C@]3(C)[C@]2(C(=O)CO)O1,1.0,train,../data/images/ClinTox/579.png
580.0,Fc1ccc([C@@H]2CC[NH2+]C[C@H]2COc2ccc3c(c2)OCO3)cc1,1.0,train,../data/images/ClinTox/580.png
581.0,CCn1cc(C(=O)[O-])c(=O)c2cc(F)c(N3CC[NH2+]CC3)nc21,1.0,train,../data/images/ClinTox/581.png
582.0,COC(=O)[C@H]1[C@H]2C[C@@H]3c4[nH]c5ccccc5c4CC[NH+]3C[C@H]2C[C@@H](OC(=O)c2cc(OC)c(OC)c(OC)c2)[C@@H]1OC,1.0,train,../data/images/ClinTox/582.png
583.0,CCCCCCCCCc1ccc(OCCOCCOCCOCCOCCOCCOCCOCCOCCO)cc1,1.0,train,../data/images/ClinTox/583.png
584.0,NC(=O)c1cnccn1,1.0,train,../data/images/ClinTox/584.png
585.0,O=S(=O)([O-])[O-],1.0,train,../data/images/ClinTox/585.png
586.0,O=c1[nH]cc(N(CCCl)CCCl)c(=O)[nH]1,1.0,train,../data/images/ClinTox/586.png
587.0,CC[NH+](CC)Cc1cc(Nc2ccnc3cc(Cl)ccc23)ccc1O,1.0,train,../data/images/ClinTox/587.png
588.0,CNC(=O)c1cnn(-c2nc(N)c3ncn([C@@H]4O[C@H](CO)[C@@H](O)[C@H]4O)c3n2)c1,1.0,train,../data/images/ClinTox/588.png
589.0,CN(C)c1cccc2cc(S(=O)(=O)[O-])ccc12,1.0,train,../data/images/ClinTox/589.png
590.0,CC(C)[NH2+]CCCC1(C(N)=O)c2ccccc2-c2ccccc21,1.0,train,../data/images/ClinTox/590.png
591.0,CCOC(=O)C1=C[C@@H](OC(CC)CC)[C@H](NC(C)=O)[C@@H]([NH3+])C1,1.0,train,../data/images/ClinTox/591.png
592.0,CO[Si](C)(C)O[Si](C)(C)C,1.0,train,../data/images/ClinTox/592.png
593.0,COc1ccccc1OCC(O)CN1CC[NH+](CC(=O)Nc2c(C)cccc2C)CC1,1.0,train,../data/images/ClinTox/593.png
594.0,NC(=O)C[S@@](=O)C(c1ccccc1)c1ccccc1,1.0,train,../data/images/ClinTox/594.png
595.0,C=C1N(CCCCCC(=O)O)c2ccccc2C1(C)C,0.0,train,../data/images/ClinTox/595.png
596.0,O=C([O-])CN(CCN(CC(=O)[O-])C(COCc1ccccc1)C(=O)[O-])CC[NH+](CC(=O)[O-])CC(=O)[O-],1.0,train,../data/images/ClinTox/596.png
597.0,CCN(CC)C(=O)[C@]1(c2ccccc2)C[C@@H]1C[NH3+],1.0,train,../data/images/ClinTox/597.png
598.0,O=C1c2c(O)ccc(O)c2C(=O)c2c(NCCNCCO)ccc(NCCNCCO)c21,0.0,train,../data/images/ClinTox/598.png
599.0,CO/N=C(\C(=O)N[C@@H]1C(=O)N2C(C(=O)[O-])=C(COC(N)=O)CS[C@H]12)c1ccco1,1.0,train,../data/images/ClinTox/599.png
600.0,CCC[C@@H]1C[C@@H](C(=O)N[C@@H]([C@H]2O[C@H](SC)[C@H](O)[C@@H](O)[C@H]2O)[C@@H](C)O)[NH+](C)C1,1.0,train,../data/images/ClinTox/600.png
601.0,CC(COc1ccccc1)[NH+](CCCl)Cc1ccccc1,1.0,train,../data/images/ClinTox/601.png
602.0,CCCCC[C@@H](O)CC[C@H]1[C@@H]2Cc3cccc(OCC(=O)[O-])c3C[C@@H]2C[C@@H]1O,1.0,train,../data/images/ClinTox/602.png
603.0,O=C(CCCCC(=O)Nc1c(I)cc(I)c(C(=O)[O-])c1I)Nc1c(I)cc(I)c(C(=O)[O-])c1I,1.0,train,../data/images/ClinTox/603.png
604.0,CCC[C@@H]1C[C@@H](C(=O)NC(C(C)Cl)[C@H]2O[C@H](SC)[C@H](O)[C@@H](O)[C@H]2O)[NH+](C)C1,1.0,train,../data/images/ClinTox/604.png
605.0,CC[C@H]1OC(=O)[C@H](C)[C@@H](O[C@H]2C[C@@](C)(OC)[C@@H](O)[C@H](C)O2)[C@H](C)[C@@H](O[C@@H]2O[C@H](C)C[C@H]([NH+](C)C)[C@H]2O)[C@](C)(OC)C[C@@H](C)C(=O)[C@H](C)[C@@H](O)[C@]1(C)O,1.0,train,../data/images/ClinTox/605.png
606.0,O=C1[C@H](CC[C@H](O)c2ccc(F)cc2)[C@@H](c2ccc(O)cc2)N1c1ccc(F)cc1,1.0,train,../data/images/ClinTox/606.png
607.0,CCC(=O)O[C@H]1CC[C@H]2[C@@H]3CCC4=CC(=O)CC[C@]4(C)[C@H]3CC[C@]12C,1.0,train,../data/images/ClinTox/607.png
608.0,O=C([O-])CNC(=O)c1ccccc1,1.0,train,../data/images/ClinTox/608.png
609.0,CO[C@H]1C[C@@H]2CC[C@@H](C)[C@@](O)(O2)C(=O)C(=O)N2CCCC[C@H]2C(=O)O[C@H]([C@H](C)C[C@@H]2CC[C@@H](O)[C@H](OC)C2)CC(=O)[C@H](C)/C=C(\C)[C@@H](O)[C@@H](OC)C(=O)[C@H](C)C[C@H](C)/C=C/C=C/C=C/1C,1.0,train,../data/images/ClinTox/609.png
610.0,CC(=O)OCC(=O)[C@H]1CC[C@H]2[C@@H]3CCC4=CC(=O)CC[C@]4(C)[C@H]3CC[C@]12C,1.0,train,../data/images/ClinTox/610.png
611.0,CCC1=CC2C[NH+](C1)Cc1c([nH]c3ccccc13)[C@@](C(=O)OC)(c1cc3c(cc1OC)N(C)[C@H]1[C@@](O)(C(=O)OC)[C@H](OC(C)=O)[C@]4(CC)C=CC[NH+]5CC[C@]31[C@@H]54)C2,1.0,train,../data/images/ClinTox/611.png
612.0,O=C1NC(c2ccccc2)(c2ccccc2)C(=O)N1COP(=O)([O-])[O-],1.0,train,../data/images/ClinTox/612.png
613.0,[NH3+][C@@H](Cc1cc(I)c(Oc2ccc(O)c(I)c2)c(I)c1)C(=O)[O-],1.0,train,../data/images/ClinTox/613.png
614.0,Nc1nc(F)nc2c1ncn2[C@@H]1O[C@H](COP(=O)(O)O)[C@@H](O)[C@@H]1O,0.0,train,../data/images/ClinTox/614.png
615.0,CCOC(=O)[C@H](CCc1ccccc1)[NH2+][C@@H](C)C(=O)N1[C@H](C(=O)[O-])C[C@H]2CCCC[C@@H]21,1.0,train,../data/images/ClinTox/615.png
616.0,CC(=O)Oc1c(C)c(C)c2c(c1C)CCC(C)(CCCC(C)CCCC(C)CCCC(C)C)O2,1.0,train,../data/images/ClinTox/616.png
617.0,COCCNC(=O)CN(CCN(CC[NH+](CC(=O)[O-])CC(=O)NCCOC)CC(=O)[O-])CC(=O)[O-],1.0,train,../data/images/ClinTox/617.png
618.0,CC(C)(C)NC(=O)[C@H]1CC[C@H]2[C@@H]3CC[C@H]4NC(=O)C=C[C@]4(C)[C@H]3CC[C@]12C,1.0,train,../data/images/ClinTox/618.png
619.0,OC(CC[NH+]1CCCC1)(c1ccccc1)C1CCCCC1,1.0,train,../data/images/ClinTox/619.png
620.0,O=S([O-])([O-])=S,1.0,train,../data/images/ClinTox/620.png
621.0,C[NH+](C)CCOC(=O)C(c1ccccc1)C1(O)CCCC1,1.0,train,../data/images/ClinTox/621.png
622.0,O=C(c1ccc(F)c(F)c1Nc1ccc(I)cc1F)N1CC(O)([C@@H]2CCCCN2)C1,0.0,train,../data/images/ClinTox/622.png
623.0,CC(C)(C)NC(=O)N[C@H](C(=O)N1C[C@H]2[C@@H]([C@H]1C(=O)NC(CC1CCC1)C(=O)C(N)=O)C2(C)C)C(C)(C)C,1.0,train,../data/images/ClinTox/623.png
624.0,C#C[C@]1(O)CC[C@H]2[C@@H]3CCC4=CC(=O)CC[C@@H]4[C@H]3CC[C@@]21C,1.0,train,../data/images/ClinTox/624.png
625.0,O=C(CCC[NH+]1CCC(O)(c2ccc(Cl)cc2)CC1)c1ccc(F)cc1,1.0,train,../data/images/ClinTox/625.png
626.0,O=C(N[C@H](CO)[C@H](O)c1ccc([N+](=O)[O-])cc1)[C-](Cl)Cl,1.0,train,../data/images/ClinTox/626.png
627.0,C[C@H]1COc2c(N3CC[NH+](C)CC3)c(F)cc3c(=O)c(C(=O)[O-])cn1c23,1.0,train,../data/images/ClinTox/627.png
628.0,C#CC[NH+](C)[C@H](C)Cc1ccccc1,1.0,train,../data/images/ClinTox/628.png
629.0,CS(C)=O,1.0,train,../data/images/ClinTox/629.png
630.0,CCC(=O)OCC(=O)[C@@]1(OC(=O)CC)[C@H](C)C[C@H]2[C@H]3[C@H]([C@@H](O)C[C@@]21C)[C@@]1(C)C=CC(=O)C=C1C[C@H]3Cl,1.0,train,../data/images/ClinTox/630.png
631.0,CC(=O)OCC(=O)[C@@]12OC(C)(C)O[C@@H]1C[C@H]1[C@@H]3C[C@H](F)C4=CC(=O)C=C[C@]4(C)[C@@]3(F)[C@@H](O)C[C@@]12C,1.0,train,../data/images/ClinTox/631.png
632.0,CCCCNC(=O)[N-]S(=O)(=O)c1ccc(C)cc1,1.0,train,../data/images/ClinTox/632.png
633.0,O=C1Nc2ccc(Cl)cc2[C@@](C#CC2CC2)(C(F)(F)F)O1,1.0,train,../data/images/ClinTox/633.png
634.0,COC(=O)[C@H](c1ccccc1Cl)[NH+]1CCc2sccc2C1,1.0,train,../data/images/ClinTox/634.png
635.0,COC1=CC(=O)C[C@@H](C)[C@]12Oc1c(Cl)c(OC)cc(OC)c1C2=O,1.0,train,../data/images/ClinTox/635.png
636.0,CCOC(=O)O[C@]1(C(=O)COC(=O)CC)CC[C@H]2[C@@H]3CCC4=CC(=O)C=C[C@]4(C)[C@H]3[C@@H](O)C[C@@]21C,1.0,train,../data/images/ClinTox/636.png
637.0,COc1cccc2c1C(=O)c1c(O)c3c(c(O)c1C2=O)C[C@@](O)(C(=O)CO)C[C@@H]3O[C@H]1C[C@H](N)[C@H](O)[C@H](C)O1,0.0,train,../data/images/ClinTox/637.png
638.0,O=C([O-])CCCO,1.0,train,../data/images/ClinTox/638.png
639.0,CCN1CC(CC[NH+]2CCOCC2)C(c2ccccc2)(c2ccccc2)C1=O,1.0,train,../data/images/ClinTox/639.png
640.0,Cn1c(=O)n(-c2ccc(C(C)(C)C#N)cc2)c2c3cc(-c4cnc5ccccc5c4)ccc3ncc21,0.0,train,../data/images/ClinTox/640.png
641.0,CCCCCCC(C)(C)c1cc(O)c2c(c1)OC(C)(C)[C@@H]1CCC(=O)C[C@@H]21,1.0,train,../data/images/ClinTox/641.png
642.0,CCOC(=O)[C@H](CCc1ccccc1)[NH2+][C@@H](C)C(=O)N1CCC[C@H]1C(=O)[O-],1.0,train,../data/images/ClinTox/642.png
643.0,CCCCOCCOCCOCc1cc2c(cc1CCC)OCO2,1.0,train,../data/images/ClinTox/643.png
644.0,CC[C@H](C)[C@H]1O[C@]2(CC[C@@H]1C)C[C@@H]1C[C@@H](C/C=C(\C)[C@@H](O[C@H]3C[C@H](OC)[C@@H](O[C@H]4C[C@H](OC)[C@@H](O)[C@H](C)O4)[C@H](C)O3)[C@@H](C)/C=C/C=C3\CO[C@@H]4[C@H](O)C(C)=C[C@@H](C(=O)O1)[C@]34O)O2,1.0,train,../data/images/ClinTox/644.png
645.0,CO/N=C(\C(=O)N[C@@H]1C(=O)N2C(C(=O)[O-])=C(C[N+]3(C)CCCC3)CS[C@H]12)c1csc(N)n1,1.0,train,../data/images/ClinTox/645.png
646.0,CCCOC(=O)Cn1cc(I)c(=O)c(I)c1,1.0,train,../data/images/ClinTox/646.png
647.0,Nc1nc(=O)n([C@@H]2CS[C@H](CO)O2)cc1F,1.0,train,../data/images/ClinTox/647.png
648.0,CC(=O)[C@H]1CC[C@H]2[C@@H]3C[C@H](C)C4=CC(=O)CC[C@]4(C)[C@H]3[C@@H](O)C[C@]12C,1.0,train,../data/images/ClinTox/648.png
649.0,O=C(CCCCCCC(=O)Nc1ccccc1)NO,1.0,train,../data/images/ClinTox/649.png
650.0,C[NH2+]C[C@H](O)c1ccc(O)c(O)c1,1.0,train,../data/images/ClinTox/650.png
651.0,NC(N)=[NH+]CCC[C@H]([NH3+])C(=O)[O-],1.0,train,../data/images/ClinTox/651.png
652.0,Cc1oncc1C(=O)Nc1ccc(C(F)(F)F)cc1,1.0,train,../data/images/ClinTox/652.png
653.0,O=C(c1ccc2nonc2c1)N1CCCCC1,0.0,train,../data/images/ClinTox/653.png
654.0,Clc1ccc(COC(Cn2ccnc2)c2ccc(Cl)cc2Cl)cc1,1.0,train,../data/images/ClinTox/654.png
655.0,Cc1cc(C(C)(C)C)c(O)c(C)c1CC1=[NH+]CCN1,1.0,train,../data/images/ClinTox/655.png
656.0,CN1C(CCl)Nc2cc(Cl)c(S(N)(=O)=O)cc2S1(=O)=O,1.0,train,../data/images/ClinTox/656.png
657.0,C#C[C@]1(OC(C)=O)CC[C@H]2[C@@H]3CCC4=C[C@@H](OC(C)=O)CC[C@@H]4[C@H]3CC[C@@]21C,1.0,train,../data/images/ClinTox/657.png
658.0,CCCCCc1cc(O)c2c(c1)OC(C)(C)[C@@H]1CCC(C)=C[C@@H]21,1.0,train,../data/images/ClinTox/658.png
659.0,CCC(=O)O[C@H]1CC[C@H]2[C@@H]3CC[C@H]4CC(=O)[C@H](C)C[C@]4(C)[C@H]3CC[C@]12C,1.0,train,../data/images/ClinTox/659.png
660.0,CCCNC(=O)[N-]S(=O)(=O)c1ccc(Cl)cc1,1.0,train,../data/images/ClinTox/660.png
661.0,CC(C)[N+](C)(CCC(C(N)=O)(c1ccccc1)c1ccccc1)C(C)C,1.0,train,../data/images/ClinTox/661.png
662.0,CO[C@H]1O[C@@H]2O[C@@]3(C)CC[C@H]4[C@H](C)CC[C@@H]([C@H]1C)[C@@]24OO3,1.0,train,../data/images/ClinTox/662.png
663.0,CC(C)[C@H]([NH3+])C(=O)OCCOCn1cnc2c(=O)[nH]c(N)nc21,1.0,train,../data/images/ClinTox/663.png
664.0,CCCCC[NH+](C)CCC(O)(P(=O)([O-])[O-])P(=O)([O-])[O-],1.0,train,../data/images/ClinTox/664.png
665.0,CC(C)[NH2+]CC(O)COc1ccc(COCCOC(C)C)cc1,1.0,train,../data/images/ClinTox/665.png
666.0,CCCCOc1ccc(C(=O)CC[NH+]2CCCCC2)cc1,1.0,train,../data/images/ClinTox/666.png
667.0,CC1(C)NC(=O)N(c2ccc([N+](=O)[O-])c(C(F)(F)F)c2)C1=O,1.0,train,../data/images/ClinTox/667.png
668.0,Cc1cc(C)c(NC(=O)C[NH+](CC(=O)[O-])CC(=O)[O-])c(C)c1Br,1.0,train,../data/images/ClinTox/668.png
669.0,C#C[C@]1(O)CC[C@H]2[C@@H]3CCC4=Cc5oncc5C[C@]4(C)[C@H]3CC[C@@]21C,1.0,train,../data/images/ClinTox/669.png
670.0,C[N+]1(C)CCCC(OC(=O)C(O)(c2ccccc2)c2ccccc2)C1,1.0,train,../data/images/ClinTox/670.png
671.0,O=C([O-])c1cc(=O)c2c(OCC(O)COc3cccc4oc(C(=O)[O-])cc(=O)c34)cccc2o1,1.0,train,../data/images/ClinTox/671.png
672.0,O=C(c1ccc(OCC[NH+]2CCCCC2)cc1)c1c(-c2ccc(O)cc2)sc2cc(O)ccc12,1.0,train,../data/images/ClinTox/672.png
673.0,COCc1c(C(C)C)nc(C(C)C)c(/C=C/[C@@H](O)C[C@@H](O)CC(=O)[O-])c1-c1ccc(F)cc1,1.0,train,../data/images/ClinTox/673.png
674.0,CC(CN1c2ccccc2Sc2ccccc21)[NH+](C)C,1.0,train,../data/images/ClinTox/674.png
675.0,CCCOc1ccc(C(=O)OCC[NH+](CC)CC)cc1N,1.0,train,../data/images/ClinTox/675.png
676.0,COCCCC/C(=N\OCC[NH3+])c1ccc(C(F)(F)F)cc1,1.0,train,../data/images/ClinTox/676.png
677.0,C[C@@H](Cc1ccccc1)NC(=O)[C@@H]([NH3+])CCCC[NH3+],1.0,train,../data/images/ClinTox/677.png
678.0,COc1ccc2c3c1O[C@H]1C(=O)CC[C@H]4[C@@H](C2)[NH+](C)CC[C@]314,1.0,train,../data/images/ClinTox/678.png
679.0,C#CCC(Cc1cnc2nc(N)nc(N)c2n1)c1ccc(C(=O)N[C@@H](CCC(=O)[O-])C(=O)[O-])cc1,1.0,train,../data/images/ClinTox/679.png
680.0,O=C([O-])CN(CC[NH+](CC(=O)[O-])CC(=O)[O-])CC(=O)[O-],1.0,train,../data/images/ClinTox/680.png
681.0,[NH3+]CCC(O)(P(=O)([O-])[O-])P(=O)([O-])[O-],1.0,train,../data/images/ClinTox/681.png
682.0,CCc1c(Cl)c([O-])c(Cl)c(O)c1C(=O)O[C@H]1[C@H](O)[C@H](OC)[C@H](OC/C2=C\C=C\C[C@H](O)/C(C)=C/[C@H](CC)[C@@H](O[C@@H]3OC(C)(C)[C@@H](OC(=O)C(C)C)[C@H](O)[C@@H]3O)/C(C)=C/C(C)=C/C[C@@H]([C@@H](C)O)OC2=O)O[C@@H]1C,1.0,train,../data/images/ClinTox/682.png
683.0,C[C@@H](O)[C@H]1C(=O)N2C(C(=O)[O-])=C(SCC/[NH+]=C/N)C[C@H]12,1.0,train,../data/images/ClinTox/683.png
684.0,Cc1onc(-c2c(Cl)cccc2Cl)c1C(=O)N[C@@H]1C(=O)N2[C@@H]1SC(C)(C)[C@@H]2C(=O)[O-],1.0,train,../data/images/ClinTox/684.png
685.0,NC(=O)N/C=C1/NC(=O)[C@H](CNC(=O)C[C@@H]([NH3+])CCC[NH3+])NC(=O)[C@H](CO)NC(=O)[C@@H]([NH3+])CNC(=O)[C@H]([C@H]2CC[NH+]=C(N)N2)NC1=O,1.0,train,../data/images/ClinTox/685.png
686.0,CCCCCCCCCCCC(=O)OCCNC(=O)C[n+]1ccccc1,1.0,train,../data/images/ClinTox/686.png
687.0,Clc1ccc(Nc2nnc(Cc3ccncc3)c3ccccc23)cc1,0.0,train,../data/images/ClinTox/687.png
688.0,CC[NH+](CC)CCOc1ccc(/C(=C(\Cl)c2ccccc2)c2ccccc2)cc1,1.0,train,../data/images/ClinTox/688.png
689.0,CNNCc1ccc(C(=O)NC(C)C)cc1,1.0,train,../data/images/ClinTox/689.png
690.0,CCCSc1ccc2[nH]c(NC(=O)OC)nc2c1,1.0,train,../data/images/ClinTox/690.png
691.0,C#N,1.0,train,../data/images/ClinTox/691.png
692.0,C[C@@H](CN1CC(=O)NC(=O)C1)[NH+]1CC(=O)NC(=O)C1,1.0,train,../data/images/ClinTox/692.png
693.0,C=CC1=C(C(=O)[O-])N2C(=O)[C@@H](NC(=O)/C(=N\OCC(=O)[O-])c3csc(N)n3)[C@H]2SC1,1.0,train,../data/images/ClinTox/693.png
694.0,CCC[NH+](CC)C(CC)C(=O)Nc1c(C)cccc1C,1.0,train,../data/images/ClinTox/694.png
695.0,O=c1[nH]c(=O)n([C@H]2C[C@H](O)[C@@H](CO)O2)cc1F,1.0,train,../data/images/ClinTox/695.png
696.0,C[N+](C)(C)CC(=O)[O-],1.0,train,../data/images/ClinTox/696.png
697.0,CC(C)OC(=O)OCOP(=O)(CO[C@H](C)Cn1cnc2c(N)ncnc21)OCOC(=O)OC(C)C,1.0,train,../data/images/ClinTox/697.png
698.0,CC(=O)OCC1=C(C(=O)[O-])N2C(=O)[C@@H](NC(=O)Cc3cccs3)[C@H]2SC1,1.0,train,../data/images/ClinTox/698.png
699.0,[NH3+]C[C@@H]1O[C@H](O[C@H]2[C@@H](O)[C@H](O[C@@H]3[C@@H](O)[C@H]([NH3+])C[C@H]([NH3+])[C@H]3O[C@H]3O[C@H](CO)[C@@H](O)[C@H](O)[C@H]3[NH3+])O[C@@H]2CO)[C@H]([NH3+])[C@@H](O)[C@@H]1O,1.0,train,../data/images/ClinTox/699.png
700.0,CO[C@H]1O[C@H](COS(=O)(=O)[O-])[C@@H](O[C@@H]2O[C@@H](C(=O)[O-])[C@@H](O[C@H]3O[C@H](COS(=O)(=O)[O-])[C@@H](O[C@@H]4O[C@H](C(=O)[O-])[C@@H](O[C@H]5O[C@H](COS(=O)(=O)[O-])[C@@H](O)[C@H](O)[C@H]5NS(=O)(=O)[O-])[C@H](O)[C@H]4O)[C@H](OS(=O)(=O)[O-])[C@H]3NS(=O)(=O)[O-])[C@H](O)[C@H]2OS(=O)(=O)[O-])[C@H](O)[C@H]1NS(=O)(=O)[O-],1.0,train,../data/images/ClinTox/700.png
701.0,CC12CC3CC(C)(C1)CC([NH3+])(C3)C2,1.0,train,../data/images/ClinTox/701.png
702.0,CC(C)[C@H]1CC[C@H](C(=O)N[C@H](Cc2ccccc2)C(=O)[O-])CC1,1.0,train,../data/images/ClinTox/702.png
703.0,CCC(C)C1(CC)C(=O)NC(=O)NC1=O,1.0,train,../data/images/ClinTox/703.png
704.0,C=CCC1(C(C)CCC)C(=O)NC(=O)NC1=O,1.0,train,../data/images/ClinTox/704.png
705.0,Cc1cc(C2CCCCC2)n([O-])c(=O)c1,1.0,train,../data/images/ClinTox/705.png
706.0,CC[C@H](C)C(=O)O[C@H]1C[C@@H](C)C=C2C=C[C@H](C)[C@H](CC[C@@H]3C[C@@H](O)CC(=O)O3)[C@H]21,1.0,train,../data/images/ClinTox/706.png
707.0,C[NH+]1C[C@H](C(=O)N[C@]2(C)O[C@@]3(O)[C@@H]4CCCN4C(=O)[C@H](Cc4ccccc4)N3C2=O)C=C2c3cccc4[nH]cc(c34)C[C@H]21,1.0,train,../data/images/ClinTox/707.png
708.0,C=C(c1ccc(C(=O)[O-])cc1)c1cc2c(cc1C)C(C)(C)CCC2(C)C,1.0,train,../data/images/ClinTox/708.png
709.0,C[C@H]([NH2+]CCc1ccc(O)cc1)[C@H](O)c1ccc(O)cc1,1.0,train,../data/images/ClinTox/709.png
710.0,CCC(C)CCCCC(=O)NC(CC[NH3+])C(=O)NC(C(=O)NC(CC[NH3+])C(=O)NC1CCNC(=O)C(C(C)O)NC(=O)C(CC[NH3+])NC(=O)C(CC[NH3+])NC(=O)C(CC(C)C)NC(=O)C(Cc2ccccc2)NC(=O)C(CC[NH3+])NC1=O)C(C)O,1.0,train,../data/images/ClinTox/710.png
711.0,C[NH2+]C[C@H](O)c1cccc(O)c1,1.0,train,../data/images/ClinTox/711.png
712.0,CCC(=O)O[C@H]1[C@H](O[C@@H]2[C@@H](C)[C@H](O[C@H]3C[C@@](C)(OC)[C@@H](O)[C@H](C)O3)[C@@H](C)C(=O)O[C@H](CC)[C@@](C)(O)[C@H](O)[C@@H](C)C(=O)[C@H](C)C[C@@]2(C)O)O[C@H](C)C[C@@H]1[NH+](C)C,1.0,train,../data/images/ClinTox/712.png
713.0,O=C([O-])CCNC(=O)c1ccc(N/N=C2/C=CC(=O)C(C(=O)[O-])=C2)cc1,1.0,train,../data/images/ClinTox/713.png
714.0,Cl[Zn]Cl,1.0,train,../data/images/ClinTox/714.png
715.0,COC(=O)C(c1ccccc1)C1CCCC[NH2+]1,1.0,train,../data/images/ClinTox/715.png
716.0,Oc1ncnc2[nH]ncc12,1.0,train,../data/images/ClinTox/716.png
717.0,O=NN(CCCl)C(=O)NC1CCCCC1,1.0,train,../data/images/ClinTox/717.png
718.0,CC(C)(C)[NH2+]CC(O)COc1cccc2c1C[C@H](O)[C@H](O)C2,1.0,train,../data/images/ClinTox/718.png
719.0,CC(C)C(=O)Nc1ccc([N+](=O)[O-])c(C(F)(F)F)c1,1.0,train,../data/images/ClinTox/719.png
720.0,COC(=O)[C@H]1[C@H]2C[C@@H]3c4[nH]c5cc(OC)ccc5c4CC[NH+]3C[C@H]2C[C@@H](OC(=O)c2cc(OC)c(OC)c(OC)c2)[C@@H]1OC,1.0,train,../data/images/ClinTox/720.png
721.0,CC(C[NH2+]C1CCCCC1)OC(=O)c1ccccc1,1.0,train,../data/images/ClinTox/721.png
722.0,CC[C@H](OC(C)=O)C(C[C@H](C)[NH+](C)C)(c1ccccc1)c1ccccc1,1.0,train,../data/images/ClinTox/722.png
723.0,CC1=CC(=O)c2ccccc2C1=O,1.0,train,../data/images/ClinTox/723.png
724.0,CC(=O)[C@@]1(O)CC[C@H]2[C@@H]3C[C@H](C)C4=CC(=O)C=C[C@]4(C)[C@@]3(F)[C@@H](O)C[C@@]21C,1.0,train,../data/images/ClinTox/724.png
725.0,CCC(=O)O[C@](Cc1ccccc1)(c1ccccc1)[C@H](C)C[NH+](C)C,1.0,train,../data/images/ClinTox/725.png
726.0,O=C([O-])c1cc(/N=N/c2ccc(O)c(C(=O)[O-])c2)ccc1O,1.0,train,../data/images/ClinTox/726.png
727.0,CCn1nc(C(=O)[O-])c(=O)c2cc3c(cc21)OCO3,1.0,train,../data/images/ClinTox/727.png
728.0,C/[NH+]=C1/CN([O-])C(c2ccccc2)=c2cc(Cl)ccc2=N1,1.0,train,../data/images/ClinTox/728.png
729.0,C[C@H]([NH3+])Cc1ccccc1,1.0,train,../data/images/ClinTox/729.png
730.0,O=C1CCc2ccc(OCCCC[NH+]3CCN(c4cccc(Cl)c4Cl)CC3)cc2N1,1.0,train,../data/images/ClinTox/730.png
731.0,CC[NH+](CC)CCNC(=O)c1ccc(N)cc1,1.0,train,../data/images/ClinTox/731.png
732.0,Nc1ccc(S(=O)(=O)[N-]c2ccnn2-c2ccccc2)cc1,1.0,train,../data/images/ClinTox/732.png
733.0,Clc1ccc(COC(Cn2ccnc2)c2ccc(Cl)cc2Cl)c(Cl)c1,1.0,train,../data/images/ClinTox/733.png
734.0,NC(N)=O,1.0,train,../data/images/ClinTox/734.png
735.0,CN/C(=C\[N+](=O)[O-])[NH2+]CCSCc1csc(C[NH+](C)C)n1,1.0,train,../data/images/ClinTox/735.png
736.0,Nc1nc(F)nc2c1ncn2[C@@H]1O[C@H](COP(=O)([O-])[O-])[C@@H](O)[C@@H]1O,1.0,train,../data/images/ClinTox/736.png
737.0,NC(N)=[NH+]CCCC(NC(=O)[C@H]([NH3+])CCC[NH+]=C(N)N)C(=O)N1CCCC1C(=O)N1C[C@H](O)CC1C(=O)NCC(=O)N[C@@H](Cc1cccs1)C(=O)N[C@@H](CO)C(=O)N1Cc2ccccc2CC1C(=O)N1C(C(=O)N[C@@H](CCC[NH+]=C(N)N)C(=O)[O-])C[C@@H]2CCCC[C@@H]21,1.0,train,../data/images/ClinTox/737.png
738.0,Cc1ccccc1N1CC[NH+](CCc2nnc3n2CCCC3)CC1,1.0,train,../data/images/ClinTox/738.png
739.0,CN1C(=O)CN=C(c2ccccc2)c2cc(Cl)ccc21,1.0,train,../data/images/ClinTox/739.png
740.0,C[NH+]1C[C@@H]2c3ccccc3Oc3ccc(Cl)cc3[C@H]2C1,1.0,train,../data/images/ClinTox/740.png
741.0,C[C@@H](Oc1cc(-c2cnn(C3CC[NH2+]CC3)c2)cnc1N)c1c(Cl)ccc(F)c1Cl,1.0,train,../data/images/ClinTox/741.png
742.0,Cc1cc(OP(=O)([O-])[O-])c2ccccc2c1OP(=O)([O-])[O-],1.0,train,../data/images/ClinTox/742.png
743.0,NS(=O)(=O)c1cc2c(cc1Cl)NC(C1CC3C=CC1C3)NS2(=O)=O,1.0,train,../data/images/ClinTox/743.png
744.0,C[C@]12CCC(=O)C=C1CC[C@@H]1[C@@H]2[C@@H](O)C[C@@]2(C)[C@H]1CC[C@]2(O)C(=O)CO,1.0,train,../data/images/ClinTox/744.png
745.0,CNC1=[NH+]c2ccc(Cl)cc2C(c2ccccc2)=[N+]([O-])C1,1.0,train,../data/images/ClinTox/745.png
746.0,CCCOc1cc(N)ccc1C(=O)OCC[NH+](CC)CC,1.0,train,../data/images/ClinTox/746.png
747.0,C[NH+]1CC[C@]23c4c5ccc(O)c4O[C@H]2C(=O)CC[C@@]3(O)[C@H]1C5,1.0,train,../data/images/ClinTox/747.png
748.0,Nc1nc(F)nc2c1ncn2[C@@H]1O[C@H](CO)[C@@H](O)[C@@H]1O,0.0,train,../data/images/ClinTox/748.png
749.0,C[NH2+][C@@H]1CCc2[nH]c3ccc(C(N)=O)cc3c2C1,1.0,train,../data/images/ClinTox/749.png
750.0,CCCCCC(=O)O[C@]1(C(C)=O)CC[C@H]2[C@@H]3CCC4=CC(=O)CC[C@]4(C)[C@H]3CC[C@@]21C,1.0,train,../data/images/ClinTox/750.png
751.0,CCCC(C)C1(CC)C(=O)NC(=O)NC1=O,1.0,train,../data/images/ClinTox/751.png
752.0,CN1c2c([nH]c(N)nc2=O)NC[C@@H]1CNc1ccc(C(=O)N[C@@H](CCC(=O)[O-])C(=O)[O-])cc1,1.0,train,../data/images/ClinTox/752.png
753.0,Cc1cc(/C=C/C#N)cc(C)c1Nc1ccnc(Nc2ccc(C#N)cc2)n1,1.0,train,../data/images/ClinTox/753.png
754.0,[H]/[NH+]=C(\N)C1=CC(=O)/C(=C\C=c2ccc(=C(N)[NH3+])cc2)C=C1,1.0,train,../data/images/ClinTox/754.png
755.0,COc1cccc2c1C(=O)c1c(O)c3c(c(O)c1C2=O)C[C@@](O)(C(C)=O)C[C@@H]3O[C@H]1C[C@H](N)[C@H](O)[C@H](C)O1,0.0,train,../data/images/ClinTox/755.png
756.0,CCC[C@H]([NH2+][C@@H](C)C(=O)N1[C@H](C(=O)[O-])C[C@@H]2CCCC[C@@H]21)C(=O)OCC,1.0,train,../data/images/ClinTox/756.png
757.0,Nc1nc2ccc(OC(F)(F)F)cc2s1,1.0,train,../data/images/ClinTox/757.png
758.0,C/C=C(C(=C/C)/c1ccc(O)cc1)\c1ccc(O)cc1,1.0,train,../data/images/ClinTox/758.png
759.0,C[C@]12CC[C@@H]3c4ccc(OS(=O)(=O)[O-])cc4CC[C@H]3[C@@H]1CCC2=O,1.0,train,../data/images/ClinTox/759.png
760.0,CC(=O)OCC(=O)[C@@]1(OC(C)=O)[C@@H](C)C[C@H]2[C@@H]3C[C@H](F)C4=CC(=O)C=C[C@]4(C)[C@@]3(F)[C@@H](O)C[C@@]21C,1.0,train,../data/images/ClinTox/760.png
761.0,COC(=O)[C@H](c1ccccc1)[C@H]1CCCC[NH2+]1,1.0,train,../data/images/ClinTox/761.png
762.0,Cc1[nH]c(=O)c(C#N)cc1-c1ccncc1,1.0,train,../data/images/ClinTox/762.png
763.0,C=C1CC[C@@]2(O)[C@H]3Cc4ccc(O)c5c4[C@@]2(CC[NH+]3CC2CC2)[C@H]1O5,1.0,train,../data/images/ClinTox/763.png
764.0,CC(C(=O)[O-])c1cccc(Oc2ccccc2)c1,1.0,train,../data/images/ClinTox/764.png
765.0,C/C=C/C[C@@H](C)[C@@H](O)[C@H]1C(=O)N[C@@H](CC)C(=O)N(C)CC(=O)N(C)[C@@H](CC(C)C)C(=O)N[C@@H](C(C)C)C(=O)N(C)[C@@H](CC(C)C)C(=O)N[C@@H](C)C(=O)N[C@H](C)C(=O)N(C)[C@@H](CC(C)C)C(=O)N(C)[C@@H](CC(C)C)C(=O)N(C)[C@@H](C(C)C)C(=O)N1C,1.0,train,../data/images/ClinTox/765.png
766.0,O=C([O-])c1cc2ccccc2c(Cc2c(O)c(C(=O)[O-])cc3ccccc23)c1O,1.0,train,../data/images/ClinTox/766.png
767.0,CC(C)OC(=O)C(C)(C)Oc1ccc(C(=O)c2ccc(Cl)cc2)cc1,1.0,train,../data/images/ClinTox/767.png
768.0,CC(C)CC(NC(=O)C(COC(C)(C)C)NC(=O)C(Cc1ccc(O)cc1)NC(=O)C(CO)NC(=O)C(Cc1c[nH]c2ccccc12)NC(=O)C(Cc1cnc[nH]1)NC(=O)C1CCC(=O)N1)C(=O)NC(CCC[NH+]=C(N)N)C(=O)N1CCCC1C(=O)NNC(N)=O,1.0,train,../data/images/ClinTox/768.png
769.0,CCCCCNC(=[NH2+])N/N=C/c1c[nH]c2ccc(OC)cc12,1.0,train,../data/images/ClinTox/769.png
770.0,NC(N)=[NH+]Cc1cccc([131I])c1,1.0,train,../data/images/ClinTox/770.png
771.0,CO[C@@]1(NC(=O)Cc2cccs2)C(=O)N2C(C(=O)[O-])=C(COC(N)=O)CS[C@@H]21,1.0,train,../data/images/ClinTox/771.png
772.0,C[C@H]([NH3+])[C@H](O)c1cccc(O)c1,1.0,train,../data/images/ClinTox/772.png
773.0,COc1cc(NC(C)CCC[NH3+])c2ncccc2c1,1.0,train,../data/images/ClinTox/773.png
774.0,Brc1c(NC2=[NH+]CCN2)ccc2nccnc12,1.0,train,../data/images/ClinTox/774.png
775.0,C[NH2+]CC[C@@H](Oc1ccccc1C)c1ccccc1,1.0,train,../data/images/ClinTox/775.png
776.0,COc1cc2c(c(OC)c1OC)-c1ccc(OC)c(=O)cc1[C@@H](NC(C)=O)CC2,1.0,train,../data/images/ClinTox/776.png
777.0,CCC(=O)O[C@]1(C(=O)SCF)[C@H](C)C[C@H]2[C@@H]3C[C@H](F)C4=CC(=O)C=C[C@]4(C)[C@@]3(F)[C@@H](O)C[C@@]21C,1.0,train,../data/images/ClinTox/777.png
778.0,CCCCC(=O)OCC(=O)[C@]1(O)Cc2c([O-])c3c(c([O-])c2[C@@H](OC2CC(NC(=O)C(F)(F)F)C(O)C(C)O2)C1)C(=O)c1c(OC)cccc1C3=O,1.0,train,../data/images/ClinTox/778.png
779.0,COC(=O)C1=C(C)NC(C)=C(C(=O)OC(C)C)C1c1cccc2nonc12,1.0,train,../data/images/ClinTox/779.png
780.0,C[NH+](C)CCC(c1ccc(Br)cc1)c1ccccn1,1.0,train,../data/images/ClinTox/780.png
781.0,FC(F)=C(F)F,1.0,train,../data/images/ClinTox/781.png
782.0,O=C1CCCC(=O)[C-]1C(=O)c1ccc(C(F)(F)F)cc1[N+](=O)[O-],1.0,train,../data/images/ClinTox/782.png
783.0,O=P([O-])([O-])OCC(Cl)(Cl)Cl,1.0,train,../data/images/ClinTox/783.png
784.0,C[C@@H]1C[C@H]2[C@@H]3CCC4=CC(=O)C=C[C@]4(C)[C@@]3(Cl)[C@@H](O)C[C@]2(C)[C@@]1(OC(=O)c1ccco1)C(=O)CCl,1.0,train,../data/images/ClinTox/784.png
785.0,CC(=O)NO,1.0,train,../data/images/ClinTox/785.png
786.0,CCC[NH2+]C(C)C(=O)Nc1c(C)csc1C(=O)OC,1.0,train,../data/images/ClinTox/786.png
787.0,CN1C(C(=O)Nc2ccccn2)=C(O)c2ccccc2S1(=O)=O,1.0,train,../data/images/ClinTox/787.png
788.0,CCCC[NH+]1CCCCC1C(=O)Nc1c(C)cccc1C,1.0,train,../data/images/ClinTox/788.png
789.0,O=C(NCC(O)CO)c1c(I)c(C(=O)NCC(O)CO)c(I)c(N(CCO)C(=O)CO)c1I,1.0,train,../data/images/ClinTox/789.png
790.0,CCN(CC)C(=S)SSC(=S)N(CC)CC,1.0,train,../data/images/ClinTox/790.png
791.0,COc1cccc([C@@]2(O)CCCC[C@@H]2C[NH+](C)C)c1,1.0,train,../data/images/ClinTox/791.png
792.0,NC(=O)N1c2ccccc2CC(=O)c2ccccc21,1.0,train,../data/images/ClinTox/792.png
793.0,C[NH+](C/C=C/C#CC(C)(C)C)Cc1cccc2ccccc12,1.0,train,../data/images/ClinTox/793.png
794.0,O=[Al]O[Al]=O,1.0,train,../data/images/ClinTox/794.png
795.0,CCN(CC)CCNC(=O)c1c(C)[nH]c(/C=C2\C(=O)Nc3ccc(F)cc32)c1C,0.0,train,../data/images/ClinTox/795.png
796.0,Nc1ccc(S(=O)(=O)c2ccc(N)cc2)cc1,1.0,train,../data/images/ClinTox/796.png
797.0,CC(C)C[C@H]1C(=O)N2CCC[C@H]2[C@]2(O)O[C@](NC(=O)[C@@H]3C=C4c5cccc6[nH]c(Br)c(c56)C[C@H]4[NH+](C)C3)(C(C)C)C(=O)N12,1.0,train,../data/images/ClinTox/797.png
798.0,Nc1ccc(S(N)(=O)=O)cc1,1.0,train,../data/images/ClinTox/798.png
799.0,Cc1cn([C@@H]2C[C@@H](O)[C@H](CO)O2)c(=O)[nH]c1=O,1.0,train,../data/images/ClinTox/799.png
800.0,CC(=O)c1ccc2c(c1)N(CCC[NH+]1CCC(CCO)CC1)c1ccccc1S2,1.0,train,../data/images/ClinTox/800.png
801.0,[NH3+]CCC[NH2+]CCSP(=O)([O-])[O-],1.0,train,../data/images/ClinTox/801.png
802.0,NC(=[NH2+])NCCC[C@@H](NC(=O)[C@@H]1CCCN1C(=O)[C@@H]1CSSCCC(=O)N[C@@H](Cc2ccc(O)cc2)C(=O)N[C@@H](Cc2ccccc2)C(=O)N[C@@H](CCC(N)=O)C(=O)N[C@@H](CC(N)=O)C(=O)N1)C(=O)NCC(N)=O,1.0,train,../data/images/ClinTox/802.png
803.0,CC(C)[NH2+]CC1CCc2cc(CO)c([N+](=O)[O-])cc2N1,1.0,train,../data/images/ClinTox/803.png
804.0,C[N+](C)(C)CCOC(=O)CCC(=O)OCC[N+](C)(C)C,1.0,train,../data/images/ClinTox/804.png
805.0,C[NH+]1CCCCC1CCN1c2ccccc2Sc2ccc(S(C)=O)cc21,1.0,train,../data/images/ClinTox/805.png
806.0,CC[NH+](CC)CC(=O)OCC(=O)[C@@]1(O)CC[C@H]2[C@@H]3CCC4=CC(=O)CC[C@]4(C)[C@H]3[C@@H](O)C[C@@]21C,1.0,train,../data/images/ClinTox/806.png
807.0,C[C@]12COC(=O)C[C@@H]1CC[C@@H]1[C@@H]2CC[C@@]2(C)[C@H]1CC[C@]2(C)O,1.0,train,../data/images/ClinTox/807.png
808.0,[NH3+][C@@H](Cc1ccc(N(CCCl)CCCl)cc1)C(=O)[O-],1.0,train,../data/images/ClinTox/808.png
809.0,CCC[NH2+][C@H]1CCc2nc(N)sc2C1,1.0,train,../data/images/ClinTox/809.png
810.0,CC(=O)OCC(=O)[C@@]1(O)CC[C@H]2[C@@H]3CCC4=CC(=O)CC[C@]4(C)[C@H]3C(=O)C[C@@]21C,1.0,train,../data/images/ClinTox/810.png
811.0,C[N+](C)(C)CCOC(N)=O,1.0,train,../data/images/ClinTox/811.png
812.0,COc1nc(N)nc2c1ncn2[C@@H]1O[C@H](CO)[C@@H](O)[C@@H]1O,1.0,train,../data/images/ClinTox/812.png
813.0,Cc1cnc(C(=O)NCCc2ccc(S(=O)(=O)[N-]C(=O)NC3CCCCC3)cc2)cn1,1.0,train,../data/images/ClinTox/813.png
814.0,COCCCOc1cc(C[C@@H](C[C@H]([NH3+])[C@@H](O)C[C@H](C(=O)NCC(C)(C)C(N)=O)C(C)C)C(C)C)ccc1OC,1.0,train,../data/images/ClinTox/814.png
815.0,Cc1nnc2n1-c1ccc(Cl)cc1C(c1ccccc1)=NC2,1.0,train,../data/images/ClinTox/815.png
816.0,CC#CCn1c(N2CCC[C@@H]([NH3+])C2)nc2c1c(=O)n(Cc1nc(C)c3ccccc3n1)c(=O)n2C,1.0,train,../data/images/ClinTox/816.png
817.0,Cc1c2oc3c(C)ccc(C(=O)NC4C(=O)NC(C(C)C)C(=O)N5CCCC5C(=O)N(C)CC(=O)N(C)C(C(C)C)C(=O)OC4C)c3nc-2c(C(=O)NC2C(=O)NC(C(C)C)C(=O)N3CCCC3C(=O)N(C)CC(=O)N(C)C(C(C)C)C(=O)OC2C)c(N)c1=O,1.0,train,../data/images/ClinTox/817.png
818.0,CC(=O)Oc1ccc(C(c2ccc(OC(C)=O)cc2)c2ccccn2)cc1,1.0,train,../data/images/ClinTox/818.png
819.0,O1[As]2O[As]1O2,1.0,train,../data/images/ClinTox/819.png
820.0,COc1ccc2c(c1)N(C[C@H](C)C[NH+](C)C)c1ccccc1S2,1.0,train,../data/images/ClinTox/820.png
821.0,C[C@H](O)[C@H](O)[C@H]1CNc2[nH]c(N)nc(=O)c2N1,1.0,train,../data/images/ClinTox/821.png
822.0,Nc1[nH]c(=O)ncc1F,1.0,train,../data/images/ClinTox/822.png
823.0,C[NH2+]C1(C)C2CCC(C2)C1(C)C,1.0,train,../data/images/ClinTox/823.png
824.0,C[NH2+]C(C)Cc1ccccc1,1.0,train,../data/images/ClinTox/824.png
825.0,CC(=O)Nc1c(I)c(C(=O)N[C@H]2C(O)O[C@H](CO)[C@@H](O)[C@@H]2O)c(I)c(N(C)C(C)=O)c1I,1.0,train,../data/images/ClinTox/825.png
826.0,[NH3+]CCCC([NH3+])(C(=O)[O-])C(F)F,1.0,train,../data/images/ClinTox/826.png
827.0,C[C@@H](O[C@H]1OCC[NH+](Cc2n[nH]c(=O)[nH]2)[C@H]1c1ccc(F)cc1)c1cc(C(F)(F)F)cc(C(F)(F)F)c1,1.0,train,../data/images/ClinTox/827.png
828.0,C=C1c2cccc([O-])c2C(=O)C2=C([O-])[C@]3(O)C(=O)C(C(N)=O)=C([O-])[C@@H]([NH+](C)C)[C@@H]3[C@@H](O)[C@H]12,1.0,train,../data/images/ClinTox/828.png
829.0,C[NH+]1CC[C@]23CCCC[C@H]2[C@H]1Cc1ccc(O)cc13,1.0,train,../data/images/ClinTox/829.png
830.0,Oc1c(Cl)cc(Cl)c(Cl)c1Cc1c(O)c(Cl)cc(Cl)c1Cl,1.0,train,../data/images/ClinTox/830.png
831.0,CCc1ccc(CCOc2ccc(CC3SC(=O)NC3=O)cc2)nc1,0.0,train,../data/images/ClinTox/831.png
832.0,C[C@@H]1O[C@@H]1P(=O)([O-])[O-],1.0,train,../data/images/ClinTox/832.png
833.0,O=P1(N(CCCl)CCCl)NCCCO1,1.0,train,../data/images/ClinTox/833.png
834.0,CC(=O)O[C@H]1C[C@@H]2CC[C@@H]3[C@H](CC[C@@]4(C)[C@H]3C[C@H]([N+]3(C)CCCCC3)[C@@H]4OC(C)=O)[C@@]2(C)C[C@@H]1[NH+]1CCCCC1,1.0,train,../data/images/ClinTox/834.png
835.0,[NH3+]CC(=O)[O-],1.0,train,../data/images/ClinTox/835.png
836.0,O=C(NCC1CCCC[NH2+]1)c1cc(OCC(F)(F)F)ccc1OCC(F)(F)F,1.0,train,../data/images/ClinTox/836.png
837.0,COC(=O)CCC(=O)C[NH3+],1.0,train,../data/images/ClinTox/837.png
838.0,COc1ccc(C(Cl)=C(c2ccc(OC)cc2)c2ccc(OC)cc2)cc1,1.0,train,../data/images/ClinTox/838.png
839.0,CC(C)c1ccc2oc3nc(N)c(C(=O)[O-])cc3c(=O)c2c1,1.0,train,../data/images/ClinTox/839.png
840.0,COc1c2occc2cc2ccc(=O)oc12,1.0,train,../data/images/ClinTox/840.png
841.0,CC[N+](C)(CC)CCOC(=O)C(O)(c1ccccc1)C1CCCCC1,1.0,train,../data/images/ClinTox/841.png
842.0,CCC(=O)O[C@@](Cc1ccccc1)(c1ccccc1)[C@@H](C)C[NH+](C)C,1.0,train,../data/images/ClinTox/842.png
843.0,CC(=O)Nc1c(I)c(NC(C)=O)c(I)c(C(=O)[O-])c1I,1.0,train,../data/images/ClinTox/843.png
844.0,FC(F)OC(F)(F)C(F)Cl,1.0,train,../data/images/ClinTox/844.png
845.0,CC[C@@H](C)C(=O)O[C@H]1[C@H](O)[C@H]2[C@@H](C[NH+]3C[C@@H](C)CC[C@H]3[C@@]2(C)O)[C@@H]2C[C@]34O[C@]5(O)[C@@H](OC(=O)[C@@](C)(O)CC)CC[C@@]3(C)[C@@H]5[C@@H](OC(C)=O)[C@@H](OC(C)=O)[C@H]4[C@@]21O,1.0,train,../data/images/ClinTox/845.png
846.0,NS(=O)(=O)c1cc2c(cc1C(F)(F)F)NC(Cc1ccccc1)NS2(=O)=O,1.0,train,../data/images/ClinTox/846.png
847.0,CC1(C)O[C@@H]2C[C@H]3[C@@H]4C[C@H](F)C5=CC(=O)C=C[C@]5(C)[C@H]4[C@@H](O)C[C@]3(C)[C@]2(C(=O)CO)O1,1.0,train,../data/images/ClinTox/847.png
848.0,OC(C[NH2+]CC(O)C1CCc2cc(F)ccc2O1)C1CCc2cc(F)ccc2O1,1.0,train,../data/images/ClinTox/848.png
849.0,CC(=O)OCC(=O)[C@@]1(O)CC[C@H]2[C@@H]3CCC4=CC(=O)CC[C@]4(C)[C@H]3[C@@H](O)C[C@@]21C,1.0,train,../data/images/ClinTox/849.png
850.0,[NH3+][C@@H](CS)C(=O)[O-],1.0,train,../data/images/ClinTox/850.png
851.0,C[NH+]1CCN(C(=O)O[C@H]2c3nccnc3C(=O)N2c2ccc(Cl)cn2)CC1,1.0,train,../data/images/ClinTox/851.png
852.0,CC(=O)[O-],1.0,train,../data/images/ClinTox/852.png
853.0,COc1ccc2c3c1O[C@H]1C[C@@H](O)C=C[C@@]31CC[NH+](C)C2,1.0,train,../data/images/ClinTox/853.png
854.0,C[NH+]1C[C@H](C(=O)N[C@]2(C)O[C@@]3(O)[C@@H]4CCCN4C(=O)[C@H](Cc4ccccc4)N3C2=O)C[C@@H]2c3cccc4[nH]cc(c34)C[C@H]21,1.0,train,../data/images/ClinTox/854.png
855.0,C[NH+](C/C=C/c1ccccc1)Cc1cccc2ccccc12,1.0,train,../data/images/ClinTox/855.png
856.0,COc1c(C)c2c(c(O)c1C/C=C(\C)CCC(=O)OCCN1CCOCC1)C(=O)OC2,0.0,train,../data/images/ClinTox/856.png
857.0,CCC(=O)c1ccc2c(c1)N(CC(C)[NH+](C)C)c1ccccc1S2,1.0,train,../data/images/ClinTox/857.png
858.0,C[NH2+]CCC(Oc1ccc(C(F)(F)F)cc1)c1ccccc1,1.0,train,../data/images/ClinTox/858.png
859.0,CC(=O)NC[C@H]1CN(c2ccc(N3CCOCC3)c(F)c2)C(=O)O1,1.0,train,../data/images/ClinTox/859.png
860.0,CC1(C)[C@H](C(=O)[O-])N2C(=O)C[C@H]2S1(=O)=O,1.0,train,../data/images/ClinTox/860.png
861.0,C#C[C@]1(O)CC[C@H]2[C@@H]3CCC4=CC(=O)CC[C@@H]4[C@H]3CC[C@@]21CC,1.0,train,../data/images/ClinTox/861.png
862.0,O=C1c2cccc3c2[C@H](CCC3)CN1[C@@H]1C[NH+]2CCC1CC2,1.0,train,../data/images/ClinTox/862.png
863.0,CCCCC(=O)O[C@H]1CC[C@H]2[C@@H]3CCc4cc(O)ccc4[C@H]3CC[C@]12C,1.0,train,../data/images/ClinTox/863.png
864.0,CCC1=C(C)CN(C(=O)NCCc2ccc(S(=O)(=O)[N-]C(=O)NC3CCC(C)CC3)cc2)C1=O,1.0,train,../data/images/ClinTox/864.png
865.0,[NH3+]C[C@@H]1O[C@H](O[C@H]2[C@@H](O)[C@H](O[C@@H]3[C@@H](O)[C@H]([NH3+])C[C@H]([NH3+])[C@H]3O[C@H]3O[C@H](C[NH3+])[C@@H](O)[C@H](O)[C@H]3[NH3+])O[C@@H]2CO)[C@H]([NH3+])[C@@H](O)[C@@H]1O,1.0,train,../data/images/ClinTox/865.png
866.0,C[C@H](/C=C/[C@H](C)C(C)(C)O)[C@H]1CC[C@H]2/C(=C/C=C3C[C@@H](O)C[C@H](O)C3)CCC[C@]12C,1.0,train,../data/images/ClinTox/866.png
867.0,CN(CCOc1ccc(CC2SC(=O)[N-]C2=O)cc1)c1ccccn1,1.0,train,../data/images/ClinTox/867.png
868.0,CCCCOc1ccc(OCCC[NH+]2CCOCC2)cc1,1.0,train,../data/images/ClinTox/868.png
869.0,[NH3+]CC[C@H](O)C(=O)N[C@@H]1C[C@H]([NH3+])[C@@H](O[C@H]2O[C@H](C[NH3+])[C@@H](O)[C@H](O)[C@H]2O)[C@H](O)[C@H]1O[C@H]1O[C@H](CO)[C@@H](O)[C@H]([NH3+])[C@H]1O,1.0,train,../data/images/ClinTox/869.png
870.0,O=C([O-])COCC[NH+]1CCN(C(c2ccccc2)c2ccc(Cl)cc2)CC1,1.0,train,../data/images/ClinTox/870.png
871.0,COc1cc(C(C)=O)ccc1OCCC[NH+]1CCC(c2noc3cc(F)ccc23)CC1,1.0,train,../data/images/ClinTox/871.png
872.0,OC1(c2ccc(Cl)cc2)c2ccccc2C2=[NH+]CCN21,1.0,train,../data/images/ClinTox/872.png
873.0,O=N[O-],1.0,train,../data/images/ClinTox/873.png
874.0,Cc1[nH]cnc1CN1CCc2c(c3ccccc3n2C)C1=O,1.0,train,../data/images/ClinTox/874.png
875.0,N#Cc1cc(NC(=O)C(=O)[O-])c(Cl)c(NC(=O)C(=O)[O-])c1,1.0,train,../data/images/ClinTox/875.png
876.0,NC(=O)c1ncn([C@@H]2O[C@H](CO)[C@@H](O)[C@H]2O)n1,1.0,train,../data/images/ClinTox/876.png
877.0,CCS(=O)(=O)CCn1c([N+](=O)[O-])cnc1C,1.0,train,../data/images/ClinTox/877.png
878.0,O=[Si](O)O,1.0,train,../data/images/ClinTox/878.png
879.0,S=[Se]=S,1.0,train,../data/images/ClinTox/879.png
880.0,[NH3+]C[C@H]1CC[C@H](C(=O)[O-])CC1,1.0,train,../data/images/ClinTox/880.png
881.0,CCC(=O)C(CC(C)[NH+](C)C)(c1ccccc1)c1ccccc1,1.0,train,../data/images/ClinTox/881.png
882.0,C=CC[N+]1([C@H]2C[C@H]3[C@@H]4CC[C@H]5C[C@H](O)[C@@H]([NH+]6CCOCC6)C[C@]5(C)[C@H]4CC[C@]3(C)[C@H]2OC(C)=O)CCCC1,1.0,train,../data/images/ClinTox/882.png
883.0,C[C@]12Cc3cn[nH]c3C[C@@H]1CC[C@@H]1[C@@H]2CC[C@@]2(C)[C@H]1CC[C@]2(C)O,1.0,train,../data/images/ClinTox/883.png
884.0,C[C@H]1C[C@@H]2[C@H]([C@@H](O)C[C@@]3(C)[C@H]2CC[C@]3(O)C(=O)CO)[C@@]2(C)C=CC(=O)C=C12,1.0,train,../data/images/ClinTox/884.png
885.0,NNCCc1ccccc1,1.0,train,../data/images/ClinTox/885.png
886.0,C[NH+]1CCN(C2=[NH+]c3cc(Cl)ccc3Nc3ccccc32)CC1,1.0,train,../data/images/ClinTox/886.png
887.0,Cc1nnc(SCC2=C(C(=O)[O-])N3C(=O)[C@@H](NC(=O)Cn4cnnn4)[C@H]3SC2)s1,1.0,train,../data/images/ClinTox/887.png
888.0,O=C([O-])[O-],1.0,train,../data/images/ClinTox/888.png
889.0,COC(=O)C1=C(C)NC(C)=C(C(=O)OCC[NH+](C)Cc2ccccc2)C1c1cccc([N+](=O)[O-])c1,1.0,train,../data/images/ClinTox/889.png
890.0,C[C@@H]1CCN(C(=O)[C@H](CCC[NH+]=C(N)N)NS(=O)(=O)c2cccc3c2NC[C@H](C)C3)[C@@H](C(=O)[O-])C1,1.0,train,../data/images/ClinTox/890.png
891.0,CN1CCC[NH+]=C1COC(=O)C(O)(c1ccccc1)C1CCCCC1,1.0,train,../data/images/ClinTox/891.png
892.0,CC(C)(C(=O)[O-])c1ccc(C(O)CCC[NH+]2CCC(C(O)(c3ccccc3)c3ccccc3)CC2)cc1,1.0,train,../data/images/ClinTox/892.png
893.0,CC1=C(CCC(=O)[O-])c2cc3nc(cc4[nH]c(cc5[nH]c(cc1n2)c(C)c5C(C)O)c(C)c4C(C)OC(C)c1c(C)c2cc4nc(cc5nc(cc6[nH]c(cc1[nH]2)c(C)c6C(C)O)C(C)=C5CCC(=O)[O-])C(CCC(=O)[O-])=C4C)C(C)=C3CCC(=O)[O-],1.0,train,../data/images/ClinTox/893.png
894.0,CC(C(=O)[O-])c1ccc(C(=O)c2cccs2)cc1,1.0,train,../data/images/ClinTox/894.png
895.0,CN(C)C(=O)C(CC[NH+]1CCC(O)(c2ccc(Cl)cc2)CC1)(c1ccccc1)c1ccccc1,1.0,train,../data/images/ClinTox/895.png
896.0,CC[NH+](CC)CCN1C(=O)CN=C(c2ccccc2F)c2cc(Cl)ccc21,1.0,train,../data/images/ClinTox/896.png
897.0,CSCC[C@H](NC(=O)[C@H](Cc1c[nH]c2ccccc12)NC(=O)CNC(=O)[C@@H](NC(=O)[C@H](Cc1ccc(OS(=O)(=O)[O-])cc1)NC(=O)[C@H](CC(=O)[O-])NC(=O)[C@H](CCC(N)=O)NC(=O)[C@@H]1CCC(=O)N1)[C@@H](C)O)C(=O)N[C@@H](CC(=O)[O-])C(=O)N[C@@H](Cc1ccccc1)C(N)=O,1.0,train,../data/images/ClinTox/897.png
898.0,OC(CC[NH+]1CCCCC1)(c1ccccc1)C1CCCC1,1.0,train,../data/images/ClinTox/898.png
899.0,CO[C@H]1/C=C/O[C@@]2(C)Oc3c(C)c(O)c4c(O)c(c(/C=N/N5CC[NH+](C6CCCC6)CC5)c(O)c4c3C2=O)NC(=O)/C(C)=C\C=C\[C@H](C)[C@H](O)[C@@H](C)[C@@H](O)[C@@H](C)[C@H](OC(C)=O)[C@@H]1C,1.0,train,../data/images/ClinTox/899.png
900.0,Cc1c(OCC(F)(F)F)ccnc1CS(=O)c1nc2ccccc2[nH]1,1.0,train,../data/images/ClinTox/900.png
901.0,CC1(C)S[C@@H]2[C@H](N3C(=O)[C@@H](c4ccccc4)[NH2+]C3(C)C)C(=O)N2[C@H]1C(=O)[O-],1.0,train,../data/images/ClinTox/901.png
902.0,C[NH+](C)[C@@H]1C([O-])=C(C(N)=O)C(=O)[C@@]2(O)C([O-])=C3C(=O)c4c([O-])cccc4[C@@](C)(O)[C@H]3C[C@@H]12,1.0,train,../data/images/ClinTox/902.png
903.0,Cc1onc(-c2ccccc2)c1-c1ccc(S(N)(=O)=O)cc1,1.0,train,../data/images/ClinTox/903.png
904.0,OC[C@H]1O[C@@H](n2cnc3c2NC=[NH+]C[C@H]3O)C[C@@H]1O,1.0,train,../data/images/ClinTox/904.png
905.0,CC([NH3+])Cc1ccccc1,1.0,train,../data/images/ClinTox/905.png
906.0,NS(=O)(=O)c1ccc(C[NH3+])cc1,1.0,train,../data/images/ClinTox/906.png
907.0,O=P([O-])([O-])C(Sc1ccc(Cl)cc1)P(=O)([O-])[O-],1.0,train,../data/images/ClinTox/907.png
908.0,Clc1cc(Cl)c(OCC#CI)cc1Cl,1.0,train,../data/images/ClinTox/908.png
909.0,Cc1cn([C@H]2C[C@H](N=[N+]=[N-])[C@@H](CO)O2)c(=O)[nH]c1=O,1.0,train,../data/images/ClinTox/909.png
910.0,CN(CCCCCCCCCCN(C)C(=O)Oc1cccc([N+](C)(C)C)c1)C(=O)Oc1cccc([N+](C)(C)C)c1,1.0,train,../data/images/ClinTox/910.png
911.0,CCCCNc1ccc(C(=O)OCC[NH+](C)C)cc1,1.0,train,../data/images/ClinTox/911.png
912.0,C[C@@H]1C[C@H]2[C@@H]3CCC4=CC(=O)C=C[C@]4(C)[C@@]3(F)[C@@H](O)C[C@]2(C)[C@@]1(O)C(=O)COP(=O)([O-])[O-],1.0,train,../data/images/ClinTox/912.png
913.0,O=C1CN=C(c2ccccc2)c2cc(Cl)ccc2N1CC(F)(F)F,1.0,train,../data/images/ClinTox/913.png
914.0,O=C([O-])C[C@H](O)C[C@H](O)/C=C/c1c(C2CC2)nc2ccccc2c1-c1ccc(F)cc1,1.0,train,../data/images/ClinTox/914.png
915.0,CCOc1nc2cccc(C(=O)OCc3oc(=O)oc3C)c2n1Cc1ccc(-c2ccccc2-c2nc(=O)o[nH]2)cc1,1.0,train,../data/images/ClinTox/915.png
