idx,smiles,ESOL,group,img_path
0.0,OCc1ccccc1OC1OC(CO)C(O)C(O)C1O,1.0499115411183633,train,../data/images/ESOL/0.png
1.0,C1CCOC1,1.6893734828124054,train,../data/images/ESOL/1.png
2.0,O=C(NC(=O)c1c(F)cccc1F)Nc1ccc(Cl)cc1,-1.41726624885044,train,../data/images/ESOL/2.png
3.0,CCCCS,0.4152217034668142,train,../data/images/ESOL/3.png
4.0,Cc1ccc(C(C)C)cc1O,0.4629427438917427,train,../data/images/ESOL/4.png
5.0,CCCCCCCC,-1.045042133535998,train,../data/images/ESOL/5.png
6.0,Clc1ccc(C(c2ccccc2Cl)C(Cl)Cl)cc1,-1.6510993469325899,train,../data/images/ESOL/6.png
7.0,C=CCCCCCC,-0.66327381013657,train,../data/images/ESOL/7.png
8.0,C=CCc1ccc(O)c(OC)c1,0.7110921541013709,train,../data/images/ESOL/8.png
9.0,CC1CCCO1,1.508033529197677,train,../data/images/ESOL/9.png
10.0,ClC(Cl)(Cl)C(Cl)(Cl)Cl,-0.2958217988646204,train,../data/images/ESOL/10.png
11.0,CCCCCCCCCCCCCCCCO,-1.8849324450147396,train,../data/images/ESOL/11.png
12.0,Cc1cc2nc3c(=O)[nH]c(=O)nc-3n(CC(O)C(O)C(O)CO)c2cc1C,-0.3029799549283597,train,../data/images/ESOL/12.png
13.0,Brc1ccccc1,0.2386538538945789,train,../data/images/ESOL/13.png
14.0,ClCCl,1.1548978300532062,train,../data/images/ESOL/14.png
15.0,OC(c1ccc(Cl)cc1)(c1ccc(Cl)cc1)C(Cl)(Cl)Cl,-1.2483337657461935,train,../data/images/ESOL/15.png
16.0,Nc1nc(O)nc2nc[nH]c12,-0.16745220012156264,train,../data/images/ESOL/16.png
17.0,CN(C)C(=O)Nc1ccc(-n2nc(C(C)(C)C)oc2=O)c(Cl)c1,-0.6098262448606501,train,../data/images/ESOL/17.png
18.0,C1CCCCC1,-0.023811868442527993,train,../data/images/ESOL/18.png
19.0,CCC(C)C(C)=O,1.1358094138832346,train,../data/images/ESOL/19.png
20.0,CC1(C)C(C=C(Cl)Cl)C1C(=O)OCc1cccc(Oc2ccccc2)c1,-1.5465902684019968,train,../data/images/ESOL/20.png
21.0,CCN1c2nc(N(C)CCO)ccc2NC(=O)c2cccnc21,-0.147886573547342,train,../data/images/ESOL/21.png
22.0,CN1CC(O)N(c2nnc(C(C)(C)C)s2)C1=O,0.5598164559543476,train,../data/images/ESOL/22.png
23.0,CC1CO1,1.1739862462231776,train,../data/images/ESOL/23.png
24.0,CCOC(N)=O,1.861169228342148,train,../data/images/ESOL/24.png
25.0,CC12CCC3c4ccc(O)cc4CCC3C1CCC2=O,-0.43182676407566667,train,../data/images/ESOL/25.png
26.0,CC(=O)OC1(C)CCC2C3CCC4=CC(=O)CCC4(C)C3CCC21C,-1.0660393913229664,train,../data/images/ESOL/26.png
27.0,C1CCCCCCC1,-0.5248827929042774,train,../data/images/ESOL/27.png
28.0,Cc1ccc2ccc(C)nc2c1,0.5297522004866427,train,../data/images/ESOL/28.png
29.0,CC(C)=CC1C(C(=O)OCc2cccc(Oc3ccccc3)c2)C1(C)C,-1.045042133535998,train,../data/images/ESOL/29.png
30.0,c1ccc2c(c1)-c1cccc3c1c-2cc1ccccc13,-2.47190124224136,train,../data/images/ESOL/30.png
31.0,C=CCC=C,0.45817063984925,train,../data/images/ESOL/31.png
32.0,CCN1c2ncccc2C(=S)N(C)c2cccnc21,-0.7558526285609314,train,../data/images/ESOL/32.png
33.0,CC(C)OC(=O)Nc1cccc(Cl)c1,-0.1574307816323277,train,../data/images/ESOL/33.png
34.0,CCOP(=S)(OCC)SC(CCl)N1C(=O)c2ccccc2C1=O,-1.5699735782102113,train,../data/images/ESOL/34.png
35.0,O=C1NC(=O)C(=O)C(=O)N1,0.8590273794186494,train,../data/images/ESOL/35.png
36.0,C#CC(C)OC(=O)Nc1cccc(Cl)c1,0.20668075680987671,train,../data/images/ESOL/36.png
37.0,Cc1[nH]c(=O)n(C(C)(C)C)c(=O)c1Cl,0.27014974057503166,train,../data/images/ESOL/37.png
38.0,C=CCCCO,1.3839588240928629,train,../data/images/ESOL/38.png
39.0,CCCCc1c(C)nc(NCC)nc1OS(=O)(=O)N(C)C,-0.5296548969467701,train,../data/images/ESOL/39.png
40.0,CCCCCCCCC,-1.3504567922555404,train,../data/images/ESOL/40.png
41.0,Ic1ccccc1,0.0191370679399078,train,../data/images/ESOL/41.png
42.0,OC1CCCCC1,1.2455678068605702,train,../data/images/ESOL/42.png
43.0,CCCCCCCCCC(C)O,0.05254179623735768,train,../data/images/ESOL/43.png
44.0,CCCCOC(=O)c1ccccc1C(=O)OCCCC,-0.6441853939665987,train,../data/images/ESOL/44.png
45.0,Cc1nnc2n1-c1ccc(Cl)cc1C(c1ccccc1Cl)=NC2,-0.4962501686493201,train,../data/images/ESOL/45.png
46.0,CCI,0.6920037379313996,train,../data/images/ESOL/46.png
47.0,COC(=O)c1ccccc1,0.5727011368690783,train,../data/images/ESOL/47.png
48.0,CC(C)N(C(=O)CCl)c1ccccc1,0.2720585821920288,train,../data/images/ESOL/48.png
49.0,CCCN(CCC)c1c([N+](=O)[O-])cc(C(C)C)cc1[N+](=O)[O-],-1.6415551388476044,train,../data/images/ESOL/49.png
50.0,c1ccc2ocnc2c1,0.9019763158010851,train,../data/images/ESOL/50.png
51.0,CN(C)C(=O)Nc1ccc(Cl)c(Cl)c1,-0.3578591514170274,train,../data/images/ESOL/51.png
52.0,Cl/C=C\Cl,0.835166859206185,train,../data/images/ESOL/52.png
53.0,CCCCOC,0.9831020845234634,train,../data/images/ESOL/53.png
54.0,c1cnc2ncncc2n1,1.4650845928152414,train,../data/images/ESOL/54.png
55.0,CNC(=O)Oc1ccccc1OC(C)C,0.4772590560192214,train,../data/images/ESOL/55.png
56.0,CCN1c2cc(OC)cc(C)c2NC(=O)c2cccnc21,-1.0035248283663099,train,../data/images/ESOL/56.png
57.0,CCCCN(C)C(=O)Nc1ccc(Cl)c(Cl)c1,-0.8207532435388337,train,../data/images/ESOL/57.png
58.0,CCN(CC)C(=O)C(C)Oc1cccc2ccccc12,-0.24810075843969184,train,../data/images/ESOL/58.png
59.0,Cc1ccc(O)cc1,1.1071767896282776,train,../data/images/ESOL/59.png
60.0,Oc1cccc(O)c1,1.8420808121721766,train,../data/images/ESOL/60.png
61.0,C=C(Cl)Cl,0.6729153217614282,train,../data/images/ESOL/61.png
62.0,CC(C)OC=O,1.1548978300532062,train,../data/images/ESOL/62.png
63.0,CCCC(=O)OC,0.5392964085716284,train,../data/images/ESOL/63.png
64.0,CC(C)CC(C)(C)C,-0.8064369314113555,train,../data/images/ESOL/64.png
65.0,Oc1ccc(Cl)c(Cl)c1Cl,0.18138860538466464,train,../data/images/ESOL/65.png
66.0,CC1(C)C(C(=O)OC(C#N)c2cccc(Oc3ccccc3)c2)C1(C)C,-1.4196523008716868,train,../data/images/ESOL/66.png
67.0,COC(=O)c1cccnc1,1.2360235987755845,train,../data/images/ESOL/67.png
68.0,Clc1cc(Cl)c(-c2c(Cl)cccc2Cl)c(Cl)c1,-2.037639774374511,train,../data/images/ESOL/68.png
69.0,C=CCC1(C(C)CC)C(=O)NC(=O)NC1=O,0.493484209763697,train,../data/images/ESOL/69.png
70.0,CCOP(=S)(OCC)Oc1ccc2oc(=O)c(Cl)c(C)c2c1,-1.1128060109393967,train,../data/images/ESOL/70.png
71.0,COc1c(O)c(Cl)c(Cl)c(Cl)c1Cl,-0.46284544035187,train,../data/images/ESOL/71.png
72.0,NC(=O)c1ccccc1O,0.5870174489965568,train,../data/images/ESOL/72.png
73.0,O=C1NC(=O)C(O)(C2(O)C(=O)NC(=O)NC2=O)C(=O)N1,0.5058916802741784,train,../data/images/ESOL/73.png
74.0,CCCC(C)CO,0.9258368360135493,train,../data/images/ESOL/74.png
75.0,C=CC,0.9401531481410278,train,../data/images/ESOL/75.png
76.0,COc1ncc2nccnc2n1,0.9258368360135493,train,../data/images/ESOL/76.png
77.0,NC(N)=S,1.6082477140900269,train,../data/images/ESOL/77.png
78.0,CCCCO,1.4555403847302557,train,../data/images/ESOL/78.png
79.0,O=C(Nc1ccccc1)N(Cc1ccc(Cl)cc1)C1CCCC1,-1.3671591564042653,train,../data/images/ESOL/79.png
80.0,CCCCC=O,1.0499115411183633,train,../data/images/ESOL/80.png
81.0,CCCCCc1ccccc1,-0.7587158909864268,train,../data/images/ESOL/81.png
82.0,Brc1cc(Br)c(Br)cc1Br,-1.875388236929754,train,../data/images/ESOL/82.png
83.0,CC(=O)OCC(=O)C1(O)C(C)CC2C3CCC4=CC(=O)C=CC4(C)C3(F)C(O)CC21C,-0.8827905960912412,train,../data/images/ESOL/83.png
84.0,CC(=O)Nc1ccc([N+](=O)[O-])cc1,0.17088997649118026,train,../data/images/ESOL/84.png
85.0,Nc1ccccc1Cl,0.7301805702713424,train,../data/images/ESOL/85.png
86.0,CC1CCCCC1C,-0.5964643535416699,train,../data/images/ESOL/86.png
87.0,CC12CCC(=O)C=C1CCC1C2CCC2(C)C(O)CCC12,-0.46284544035187,train,../data/images/ESOL/87.png
88.0,CCN(CC)C(=O)CSc1ccc(Cl)nn1,0.6366473310384826,train,../data/images/ESOL/88.png
89.0,C/C=C/C=O,1.6082477140900269,train,../data/images/ESOL/89.png
90.0,CCNc1nc(NC(C)C)nc(OC)n1,0.4610339022747456,train,../data/images/ESOL/90.png
91.0,Clc1ccccc1-c1ccccc1Cl,-1.0593584456634764,train,../data/images/ESOL/91.png
92.0,CC1CCCCC1NC(=O)Nc1ccccc1,-0.5057943767343059,train,../data/images/ESOL/92.png
93.0,CCOP(=S)(OCC)SCCSCC,-0.5630596252442203,train,../data/images/ESOL/93.png
94.0,CC(C)OC(C)C,0.9306089400560421,train,../data/images/ESOL/94.png
95.0,CCN1c2ncccc2C(=O)N(C)c2ccc(Cl)nc21,-0.5077032183513029,train,../data/images/ESOL/95.png
96.0,CCNc1nc(Cl)nc(NCC)n1,-0.7157669546039912,train,../data/images/ESOL/96.png
97.0,Cn1c(=O)on(-c2ccc(Cl)c(Cl)c2)c1=O,0.10980704474727193,train,../data/images/ESOL/97.png
98.0,COc1ccc(Cl)cc1,0.12889546091724335,train,../data/images/ESOL/98.png
99.0,C1CCOCC1,1.4412240726027772,train,../data/images/ESOL/99.png
100.0,Cn1cnc2c1c(=O)[nH]c(=O)n2C,0.25153853480930943,train,../data/images/ESOL/100.png
101.0,CCCC(C)C1(CC)C(=O)NC(=S)NC1=O,-0.147886573547342,train,../data/images/ESOL/101.png
102.0,C=CCCCC,-0.085849220994935,train,../data/images/ESOL/102.png
103.0,O=C1CNC(=O)N1,1.2646562230305416,train,../data/images/ESOL/103.png
104.0,C=CC=O,1.7275503151523481,train,../data/images/ESOL/104.png
105.0,CCC(=O)OC,1.3887309281353557,train,../data/images/ESOL/105.png
106.0,Cc1occc1C(=O)Nc1ccccc1,-0.11925394929238488,train,../data/images/ESOL/106.png
107.0,CC12CCC(=O)C=C1CCC1C2C(O)CC2(C)C1CCC2(O)C(=O)CO,-0.019039764400035034,train,../data/images/ESOL/107.png
108.0,CCCC(C)(COC(N)=O)COC(N)=O,0.5932211842517976,train,../data/images/ESOL/108.png
109.0,CCOC(=O)CCN(SN(C)C(=O)Oc1cccc2c1OC(C)(C)C2)C(C)C,-0.7921206192838769,train,../data/images/ESOL/109.png
110.0,OCC1OC(O)(CO)C(O)C1O,1.7609550434497983,train,../data/images/ESOL/110.png
111.0,O=C(Nc1ccccc1)c1ccccc1O,-0.25764496652467755,train,../data/images/ESOL/111.png
112.0,C=CC(O)CCC,1.1739862462231776,train,../data/images/ESOL/112.png
113.0,Cc1cccc(C)n1,1.670285066642434,train,../data/images/ESOL/113.png
114.0,Cc1cccc(O)c1,1.1310373098407418,train,../data/images/ESOL/114.png
115.0,CC(C)Nc1nc(Cl)nc(NC(C)C)n1,-0.6585017060940769,train,../data/images/ESOL/115.png
116.0,CCC(C)(C)CC,-0.5630596252442203,train,../data/images/ESOL/116.png
117.0,CC(C)C(Nc1ccc(C(F)(F)F)cc1Cl)C(=O)OC(C#N)c1cccc(Oc2ccccc2)c1,-2.3635744804767724,train,../data/images/ESOL/117.png
118.0,CCOP(=S)(OCC)Oc1ccc([N+](=O)[O-])cc1,-0.7682600990714127,train,../data/images/ESOL/118.png
119.0,CCCCOCCO,1.255112014945556,train,../data/images/ESOL/119.png
120.0,CCCCI,0.04299758815237197,train,../data/images/ESOL/120.png
121.0,CCCCCC1CCCC1,-1.4458988731053974,train,../data/images/ESOL/121.png
122.0,CNC(=O)ON=C(CSC)C(C)(C)C,0.6824595298464139,train,../data/images/ESOL/122.png
123.0,CC(C)OP(=S)(OC(C)C)SCCNS(=O)(=O)c1ccccc1,-0.5487433131167416,train,../data/images/ESOL/123.png
124.0,ClC1=C(Cl)C2(Cl)C3C(Cl)C=CC3C1(Cl)C2(Cl)Cl,-1.558997738912478,train,../data/images/ESOL/124.png
125.0,CCCC(C)O,1.317149367497963,train,../data/images/ESOL/125.png
126.0,O=c1oc2ccccc2c(O)c1C1CCCc2ccccc21,0.10026283666228622,train,../data/images/ESOL/126.png
127.0,CN(C)C(=O)Nc1ccc(Cl)cc1,0.07640231644982184,train,../data/images/ESOL/127.png
128.0,Clc1cccc(-c2cccc(Cl)c2Cl)c1Cl,-2.0185513582045393,train,../data/images/ESOL/128.png
129.0,COP(=O)(NC(C)=O)SC,1.7132340030248696,train,../data/images/ESOL/129.png
130.0,CCC(C)c1cc([N+](=O)[O-])cc([N+](=O)[O-])c1O,-0.1574307816323277,train,../data/images/ESOL/130.png
131.0,Clc1ccc(I)cc1,-0.46761754439436315,train,../data/images/ESOL/131.png
132.0,CC(C)CCCCCOC(=O)c1ccccc1C(=O)OCCCCCC(C)C,-1.7117050682722494,train,../data/images/ESOL/132.png
133.0,CC(C)C(C)C,-0.28627759077963466,train,../data/images/ESOL/133.png
134.0,CCCC(C)(C)C,-0.6250969777966272,train,../data/images/ESOL/134.png
135.0,CNc1ccccc1,0.8447110672911708,train,../data/images/ESOL/135.png
136.0,CCCCCCCCBr,-0.9591442607711265,train,../data/images/ESOL/136.png
137.0,OCC(O)C(O)CO,1.7895876677047553,train,../data/images/ESOL/137.png
138.0,c1ccc2cc3c(cc2c1)-c1cccc2cccc-3c12,-2.5959759473461745,train,../data/images/ESOL/138.png
139.0,CCOCC,1.4125914483478201,train,../data/images/ESOL/139.png
140.0,O=C1Nc2ccc(Cl)cc2C(c2ccccc2Cl)=NC1O,-0.2643259121841677,train,../data/images/ESOL/140.png
141.0,Brc1cccc2ccccc12,-0.620324873754134,train,../data/images/ESOL/141.png
142.0,Clc1cc(Cl)cc(Cl)c1,-0.6823622263065415,train,../data/images/ESOL/142.png
143.0,Cc1ccccc1-n1c(C)nc2ccccc2c1=O,0.059699952301097016,train,../data/images/ESOL/143.png
144.0,N#CC(Cl)(Cl)Cl,0.42094822831780565,train,../data/images/ESOL/144.png
145.0,CC(C)OC(=O)C(O)(c1ccc(Cl)cc1)c1cccc(Cl)c1,-0.7062227465190056,train,../data/images/ESOL/145.png
146.0,Oc1ccccn1,1.9422949970645262,train,../data/images/ESOL/146.png
147.0,CC12CCC3c4ccc(O)cc4CCC3C1CC(O)C2O,-0.9090371683249517,train,../data/images/ESOL/147.png
148.0,Cc1c2ccccc2c(C)c2ccccc12,-1.6797319711875471,train,../data/images/ESOL/148.png
149.0,CC(C)=CCC/C(C)=C\CO,0.2816027902770145,train,../data/images/ESOL/149.png
150.0,CC(C)(C)Cc1ccccc1,-0.5248827929042774,train,../data/images/ESOL/150.png
151.0,CCOC(=O)N(C)C(=O)CSP(=S)(OCC)OCC,0.253924586830556,train,../data/images/ESOL/151.png
152.0,CCSSCC,0.3006912064469859,train,../data/images/ESOL/152.png
153.0,C=CCCC=C,0.1766165013421717,train,../data/images/ESOL/153.png
154.0,Cc1cc(C)cc(C)c1,-0.16697498971731342,train,../data/images/ESOL/154.png
155.0,COP(=S)(OC)SCC(=O)N(C)C=O,0.503505628252932,train,../data/images/ESOL/155.png
156.0,c1ccc2c(c1)ccc1ccccc12,-1.0545863416209835,train,../data/images/ESOL/156.png
157.0,ClC=C(Cl)Cl,0.520207992401657,train,../data/images/ESOL/157.png
158.0,ClC(Cl)=C(Cl)C(Cl)=C(Cl)Cl,-0.8923348041762267,train,../data/images/ESOL/158.png
159.0,CNC(=O)Oc1cc(C(C)(C)C)cc(C(C)(C)C)c1,-0.567831729286713,train,../data/images/ESOL/159.png
160.0,CSC,1.2407957028180774,train,../data/images/ESOL/160.png
161.0,c1ccc2c(c1)Cc1ccccc1-2,-0.9305116365161695,train,../data/images/ESOL/161.png
162.0,c1cc2c3c(c4ccc5ccccc5c4cc3c1)CC2,-2.2905612886266318,train,../data/images/ESOL/162.png
163.0,CCOC(C)OCC,1.250339910903063,train,../data/images/ESOL/163.png
164.0,CC(C)=CCC1(C(C)C)C(=O)NC(=O)NC1=O,0.21813380651185957,train,../data/images/ESOL/164.png
165.0,CN(C(=O)COc1nc2ccccc2s1)c1ccccc1,-0.8699059151765104,train,../data/images/ESOL/165.png
166.0,COc1ccc(C=O)cc1,0.744496882398821,train,../data/images/ESOL/166.png
167.0,CC(=O)OCC(=O)C1CCC2C3CCC4=CC(=O)CCC4(C)C3CCC12C,-0.753943786943934,train,../data/images/ESOL/167.png
168.0,Cc1ccc(Cl)cc1,-0.014267660357542285,train,../data/images/ESOL/168.png
169.0,C#CC1(O)CCC2C3CCC4=CC(=O)CCC4(C)C3CCC21C,-1.2454705033206976,train,../data/images/ESOL/169.png
170.0,Clc1cccc(Cl)c1-c1ccccc1,-1.0307258214085193,train,../data/images/ESOL/170.png
171.0,O=[N+]([O-])c1cccc(Cl)c1Cl,-0.20515182205725627,train,../data/images/ESOL/171.png
172.0,CC1=CC(=O)CC(C)(C)C1,0.9496973562260135,train,../data/images/ESOL/172.png
173.0,c1cc2ccc3ccc4ccc5cccc6c(c1)c2c3c4c56,-2.847943040789797,train,../data/images/ESOL/173.png
174.0,Cn1cc(-c2ccccc2)c(=O)c(-c2cccc(C(F)(F)F)c2)c1,-0.6656598621578165,train,../data/images/ESOL/174.png
175.0,CC(C)C(C)O,1.3696425119653843,train,../data/images/ESOL/175.png
176.0,CCOC(=O)c1ccc(O)cc1,0.3340959347444358,train,../data/images/ESOL/176.png
177.0,COC(=O)Nc1cccc(OC(=O)Nc2cccc(C)c2)c1,-0.8374556076875588,train,../data/images/ESOL/177.png
178.0,Cc1cccc2c1Cc1ccccc1-2,-1.0354979254510122,train,../data/images/ESOL/178.png
179.0,Clc1cc(Cl)c(Cl)c(-c2c(Cl)c(Cl)cc(Cl)c2Cl)c1Cl,-2.9109348141507025,train,../data/images/ESOL/179.png
180.0,CC1Cc2ccccc2N1NC(=O)c1ccc(Cl)c(S(N)(=O)=O)c1,-0.2557361249076806,train,../data/images/ESOL/180.png
181.0,COC1=CC(=O)CC(C)C12Oc1c(Cl)c(OC)cc(OC)c1C2=O,-0.09348458746292378,train,../data/images/ESOL/181.png
182.0,CCOc1ccc(NC(N)=O)cc1,0.41999380750930715,train,../data/images/ESOL/182.png
183.0,Clc1ccc(-c2cc(Cl)ccc2Cl)c(Cl)c1,-1.6797319711875471,train,../data/images/ESOL/183.png
184.0,Cc1ccc(C)cc1,0.1336675649597361,train,../data/images/ESOL/184.png
185.0,Oc1cc(Cl)ccc1Oc1ccc(Cl)cc1Cl,-0.6728180182215556,train,../data/images/ESOL/185.png
186.0,Oc1cccc(Cl)c1Cl,0.835166859206185,train,../data/images/ESOL/186.png
187.0,CCC(=O)CC,1.3219214715404557,train,../data/images/ESOL/187.png
188.0,NC(=O)CCl,1.44599617664527,train,../data/images/ESOL/188.png
189.0,CCOc1ccc(NC(C)=O)cc1,0.3340959347444358,train,../data/images/ESOL/189.png
190.0,NC(=O)NCc1ccccc1,1.0021905006934348,train,../data/images/ESOL/190.png
191.0,CC(C)C,0.2386538538945789,train,../data/images/ESOL/191.png
192.0,CCC(O)CC,1.341009887710427,train,../data/images/ESOL/192.png
193.0,O=c1c(O)c(-c2ccc(O)cc2O)oc2cc(O)cc(O)c12,-0.015699291570290194,train,../data/images/ESOL/193.png
194.0,Oc1ncc2nccnc2n1,0.5264117276568977,train,../data/images/ESOL/194.png
195.0,CO,2.204760719401633,train,../data/images/ESOL/195.png
196.0,Clc1ccc(Cl)c(-c2ccc(Cl)c(Cl)c2)c1,-2.004235046077061,train,../data/images/ESOL/196.png
197.0,Clc1ccccc1-c1ccccc1,-0.7109948505614985,train,../data/images/ESOL/197.png
198.0,c1ccc(CCc2ccccc2)cc1,-0.7491716829014412,train,../data/images/ESOL/198.png
199.0,Cn1c(=O)c2[nH]cnc2n(C)c1=O,0.7922179228237495,train,../data/images/ESOL/199.png
200.0,Clc1cccc(Cl)c1-c1c(Cl)cccc1Cl,-2.0710445026719606,train,../data/images/ESOL/200.png
201.0,Cc1ccc(N)cc1,0.8781157955886207,train,../data/images/ESOL/201.png
202.0,CC12CCC3C(CCC4CC(=O)CCC43C)C1CCC2O,-0.8078685626241034,train,../data/images/ESOL/202.png
203.0,CS(=O)(=O)c1ccc(C(O)C(CO)NC(=O)C(Cl)Cl)cc1,0.4276291739772957,train,../data/images/ESOL/203.png
204.0,CCCC(=O)OCC,0.806534234951228,train,../data/images/ESOL/204.png
205.0,Clc1ccccc1I,-0.23378444631221337,train,../data/images/ESOL/205.png
206.0,COP(=O)(OC)OC(Br)C(Cl)(Cl)Br,0.3675006630418859,train,../data/images/ESOL/206.png
207.0,Cc1cncc(C)c1,1.636880338344984,train,../data/images/ESOL/207.png
208.0,Cc1cc(C)c(O)c(C)c1,0.4772590560192214,train,../data/images/ESOL/208.png
209.0,c1ccc(-c2ccccc2)cc1,-0.6179388217328877,train,../data/images/ESOL/209.png
210.0,Clc1ccc(Cl)c(Cl)c1,-0.25764496652467755,train,../data/images/ESOL/210.png
211.0,CN(C)C(=O)OC1=CC(=O)CC(C)(C)C1,1.0499115411183633,train,../data/images/ESOL/211.png
212.0,CCC1(CC)C(=O)NC(=O)NC1=O,0.3102354145319716,train,../data/images/ESOL/212.png
213.0,Cc1c[nH]c2ccccc12,0.3006912064469859,train,../data/images/ESOL/213.png
214.0,CCC(C)CO,1.2312514947330917,train,../data/images/ESOL/214.png
215.0,Cc1c2ccccc2c(C)c2c1ccc1ccccc12,-1.894476653099725,train,../data/images/ESOL/215.png
216.0,CC(=O)OCC(=O)C1(O)CCC2C3CCC4=CC(=O)CCC4(C)C3C(O)CC21C,-0.8732463880062553,train,../data/images/ESOL/216.png
217.0,Clc1ccc(Cl)c(-c2cc(Cl)c(Cl)c(Cl)c2Cl)c1,-2.2094355199042535,train,../data/images/ESOL/217.png
218.0,CC(=O)CCC1C(=O)N(c2ccccc2)N(c2ccccc2)C1=O,-0.10493763716490642,train,../data/images/ESOL/218.png
219.0,CCC1(c2ccccc2)C(=O)NCNC1=O,0.1957049175121431,train,../data/images/ESOL/219.png
220.0,Cc1ccc2cc(C)ccc2c1,-0.878018492048748,train,../data/images/ESOL/220.png
221.0,CC(C)O,1.6607408585574484,train,../data/images/ESOL/221.png
222.0,C1=Cc2cccc3cccc1c23,-0.4342128160969131,train,../data/images/ESOL/222.png
223.0,Clc1ccc(Cl)c(-c2c(Cl)c(Cl)cc(Cl)c2Cl)c1,-2.085360814799439,train,../data/images/ESOL/223.png
224.0,COc1ccc2ccc(=O)oc2c1CC=C(C)C,-0.60314529920116,train,../data/images/ESOL/224.png
225.0,CCCC(O)CCC,0.7874458187812566,train,../data/images/ESOL/225.png
226.0,c1ccncc1,1.8182202919597121,train,../data/images/ESOL/226.png
227.0,CC(=O)c1ccccc1,0.8447110672911708,train,../data/images/ESOL/227.png
228.0,CCCC=C(C=O)CC,0.2816027902770145,train,../data/images/ESOL/228.png
229.0,CCC1(CC=C(C)C)C(=O)NC(=O)NC1=O,0.38038534395661644,train,../data/images/ESOL/229.png
230.0,CC(C)(C)CO,1.2646562230305416,train,../data/images/ESOL/230.png
231.0,ClCBr,1.030823124948392,train,../data/images/ESOL/231.png
232.0,c1cc2ccc3cccc4ccc(c1)c2c34,-1.4917110719133289,train,../data/images/ESOL/232.png
233.0,Cc1ccccc1O,1.1596699340956989,train,../data/images/ESOL/233.png
234.0,O=C1C2CC=CCC2C(=O)N1SC(Cl)(Cl)C(Cl)Cl,-1.1213957982158838,train,../data/images/ESOL/234.png
235.0,CCCOCC,1.1405815179257275,train,../data/images/ESOL/235.png
236.0,Cc1ccccc1[N+](=O)[O-],0.3436401428294215,train,../data/images/ESOL/236.png
237.0,OCC(O)C1OC2OC(C(Cl)(Cl)Cl)OC2C1O,0.5774732409115712,train,../data/images/ESOL/237.png
238.0,CC1CC2C3CC(F)C4=CC(=O)C=CC4(C)C3(F)C(O)CC2(C)C1(O)C(=O)CO,-1.2230416143209815,train,../data/images/ESOL/238.png
239.0,CC(C)C(C)C(C)C,-0.8350695556663125,train,../data/images/ESOL/239.png
240.0,Clc1ccc(Cl)c(Cl)c1Cl,-0.7253111626889771,train,../data/images/ESOL/240.png
241.0,CCCCC1C(=O)N(c2ccccc2)N(c2ccccc2)C1=O,-0.36263125545952035,train,../data/images/ESOL/241.png
242.0,Oc1c(Cl)c(Cl)cc(Cl)c1Cl,-0.15265867758983495,train,../data/images/ESOL/242.png
243.0,Oc1cccc2ccccc12,0.3961332872968428,train,../data/images/ESOL/243.png
244.0,Cc1cc([N+](=O)[O-])cc([N+](=O)[O-])c1O,0.7607220361432967,train,../data/images/ESOL/244.png
245.0,Ic1cccc2ccccc12,-0.7157669546039912,train,../data/images/ESOL/245.png
246.0,CCC(=C(CC)c1ccc(O)cc1)c1ccc(O)cc1,-0.48670596056433457,train,../data/images/ESOL/246.png
247.0,CCc1ccc(C)cc1,-0.028583972485020745,train,../data/images/ESOL/247.png
248.0,CC(=O)C1(O)CCC2C3CCC4=CC(=O)CCC4(C)C3CCC21C,-0.3659717282892654,train,../data/images/ESOL/248.png
249.0,Cc1cc(C)cc(O)c1,0.7874458187812566,train,../data/images/ESOL/249.png
250.0,Cc1ccc2c(c1)Oc1ncc(N)cc1C(=O)N2C,0.0033891245996812234,train,../data/images/ESOL/250.png
251.0,OC1CCCCCCC1,0.8399389632486779,train,../data/images/ESOL/251.png
252.0,C=CCC1(C)C(=O)NC(=O)NC1=O,0.9019763158010851,train,../data/images/ESOL/252.png
253.0,Clc1ccc(-c2cc(Cl)c(Cl)c(Cl)c2Cl)c(Cl)c1,-2.0710445026719606,train,../data/images/ESOL/253.png
254.0,CN(C)C(=O)SCCCCOc1ccccc1,-0.4184648727566867,train,../data/images/ESOL/254.png
255.0,CCCCCCC(=O)OCC,0.14798387708721455,train,../data/images/ESOL/255.png
256.0,ClC1=C(Cl)C2(Cl)C3C(Cl)C(Cl)CC3C1(Cl)C2(Cl)Cl,-1.8181229884198398,train,../data/images/ESOL/256.png
257.0,c1ccc2c(c1)cc1ccc3cccc4ccc2c1c34,-2.6957129218342746,train,../data/images/ESOL/257.png
258.0,ClCC(Cl)Cl,0.7492689864413138,train,../data/images/ESOL/258.png
259.0,CCCCN(CC)c1c([N+](=O)[O-])cc(C(F)(F)F)cc1[N+](=O)[O-],-1.1834331507682907,train,../data/images/ESOL/259.png
260.0,CN(C)C(=O)N(C)C,1.9041181647245835,train,../data/images/ESOL/260.png
261.0,CCCCBr,0.3245517266594501,train,../data/images/ESOL/261.png
262.0,Cc1ccc(O)c(C)c1,0.8876600036736065,train,../data/images/ESOL/262.png
263.0,Fc1ccccc1,0.5965616570815425,train,../data/images/ESOL/263.png
264.0,Cc1ccccc1Cl,-0.2242402382272277,train,../data/images/ESOL/264.png
265.0,CCOC(=O)Nc1cccc(OC(=O)Nc2ccccc2)c1,-0.7548982077524324,train,../data/images/ESOL/265.png
266.0,COc1ccc(Oc2ccc(NC(=O)N(C)C)cc2)cc1,-0.5296548969467701,train,../data/images/ESOL/266.png
267.0,c1ccc2[nH]ccc2c1,0.7301805702713424,train,../data/images/ESOL/267.png
268.0,CC(=O)OC1(C(C)=O)CCC2C3C=C(C)C4=CC(=O)CCC4(C)C3CCC21C,-1.097535278003419,train,../data/images/ESOL/268.png
269.0,CCCOP(=S)(OCCC)SCC(=O)N1CCCCC1C,-0.5248827929042774,train,../data/images/ESOL/269.png
270.0,Cc1cccc(N)c1,1.0499115411183633,train,../data/images/ESOL/270.png
271.0,CC(=O)OCC(COC(C)=O)OC(C)=O,1.1692141421806845,train,../data/images/ESOL/271.png
272.0,CCc1cccc2ccccc12,-0.5344270009892629,train,../data/images/ESOL/272.png
273.0,Clc1ccc(C(c2ccc(Cl)cc2)C(Cl)Cl)cc1,-1.9803745258645966,train,../data/images/ESOL/273.png
274.0,CCOP(=S)(OCC)SCSP(=S)(OCC)OCC,-1.1882052548107835,train,../data/images/ESOL/274.png
275.0,C=C(C)CC,0.1527559811297075,train,../data/images/ESOL/275.png
276.0,CN1C(=O)CN=C(c2ccccc2)c2cc([N+](=O)[O-])ccc21,-0.35595030980003023,train,../data/images/ESOL/276.png
277.0,O=[N+]([O-])c1ccc(O)cc1,1.1024046855857845,train,../data/images/ESOL/277.png
278.0,c1ccnnc1,1.980471829404469,train,../data/images/ESOL/278.png
279.0,O=[N+]([O-])c1cc([N+](=O)[O-])cc([N+](=O)[O-])c1,0.07640231644982184,train,../data/images/ESOL/279.png
280.0,COc1ccccc1Cl,0.2816027902770145,train,../data/images/ESOL/280.png
281.0,CCCCCCc1ccccc1,-1.0307258214085193,train,../data/images/ESOL/281.png
282.0,C#CCCCC,0.32932383070194304,train,../data/images/ESOL/282.png
283.0,CCCCCC(=O)OC,0.5631569287840926,train,../data/images/ESOL/283.png
284.0,CCOCCOCC,1.0880883734583062,train,../data/images/ESOL/284.png
285.0,CCOC(=O)CC,1.1405815179257275,train,../data/images/ESOL/285.png
286.0,O=C(c1ccccc1)C(O)c1ccccc1,0.09549073261979327,train,../data/images/ESOL/286.png
287.0,Nc1cccc([N+](=O)[O-])c1,0.41044959942432147,train,../data/images/ESOL/287.png
288.0,O=C(Cn1ccnc1[N+](=O)[O-])NCc1ccccc1,0.11457914878976468,train,../data/images/ESOL/288.png
289.0,FC(F)(Cl)C(F)(Cl)Cl,0.004820755812429133,train,../data/images/ESOL/289.png
290.0,Cc1ccccc1N1C(=O)c2cc(S(N)(=O)=O)c(Cl)cc2NC1C,-0.34831494333204166,train,../data/images/ESOL/290.png
291.0,Clc1ccc(-c2ccc(Cl)c(Cl)c2Cl)c(Cl)c1,-2.2667007684141676,train,../data/images/ESOL/291.png
292.0,COc1cc2c(N)nc(N3CCN(C(=O)OCC(C)(C)O)CC3)nc2c(OC)c1OC,-0.28055106592864326,train,../data/images/ESOL/292.png
293.0,O=[N+]([O-])c1cccc([N+](=O)[O-])c1,0.36272855899939294,train,../data/images/ESOL/293.png
294.0,CCCC(C)(O)CC,0.9878741885659563,train,../data/images/ESOL/294.png
295.0,Clc1cc(Cl)c(Cl)c(Cl)c1,-0.753943786943934,train,../data/images/ESOL/295.png
296.0,CCC(C)C,-0.06198870078247083,train,../data/images/ESOL/296.png
297.0,C=C(C)C1CC=C(C)CC1,-0.5773759373716985,train,../data/images/ESOL/297.png
298.0,O=[N+]([O-])c1ccc([N+](=O)[O-])cc1,-0.16220288567482066,train,../data/images/ESOL/298.png
299.0,Cc1ccc2c(c1)C(=O)N(C)c1cc(N)ccc1O2,-0.41894208316093595,train,../data/images/ESOL/299.png
300.0,CC(C)(C)c1ccccc1,-0.2910496948221276,train,../data/images/ESOL/300.png
301.0,CC12CCC3C(CCC4=CC(=O)CCC43C)C1CCC2=O,-0.3053660069496061,train,../data/images/ESOL/301.png
302.0,c1ccc2c(c1)CCC2,0.004820755812429133,train,../data/images/ESOL/302.png
303.0,C=CC(C)(O)CCC=C(C)C,0.5058916802741784,train,../data/images/ESOL/303.png
304.0,Clc1cccc(-c2c(Cl)c(Cl)cc(Cl)c2Cl)c1Cl,-2.6484690918135954,train,../data/images/ESOL/304.png
305.0,Clc1cc(Cl)c(Cl)c(Cl)c1Cl,-1.240698399278205,train,../data/images/ESOL/305.png
306.0,CCCCC,-0.06198870078247083,train,../data/images/ESOL/306.png
307.0,Cc1ccc2ccccc2c1,-0.34354283928954893,train,../data/images/ESOL/307.png
308.0,O=[N+]([O-])c1ccc(C=NO)o1,0.41044959942432147,train,../data/images/ESOL/308.png
309.0,NS(=O)(=O)c1cc2c(cc1Cl)NCNS2(=O)=O,0.20047702155463606,train,../data/images/ESOL/309.png
310.0,CC1=C(C(=O)Nc2ccccc2)SCCO1,-0.042900284612499416,train,../data/images/ESOL/310.png
311.0,CCCCCCCCCCCCCC,-2.343054433094053,train,../data/images/ESOL/311.png
312.0,O=C1NC(=O)c2ccccc21,0.21002122963962178,train,../data/images/ESOL/312.png
313.0,CCCCCO,1.1692141421806845,train,../data/images/ESOL/313.png
314.0,CC12CCC(=O)C=C1CCC1C2C(O)CC2(C=O)C(C(=O)CO)CCC12,-0.3817196716294918,train,../data/images/ESOL/314.png
315.0,ClC1=C(Cl)C2(Cl)C3C4C=CC(C4)C3C1(Cl)C2(Cl)Cl,-1.5542256348699852,train,../data/images/ESOL/315.png
316.0,c1ccoc1,1.064227853245842,train,../data/images/ESOL/316.png
317.0,CN(C)C(=O)Nc1cccc(OC(=O)NC(C)(C)C)c1,0.05731390027985043,train,../data/images/ESOL/317.png
318.0,O=C(Nc1ccc([N+](=O)[O-])cc1Cl)c1cc(Cl)ccc1O,-0.787348515241384,train,../data/images/ESOL/318.png
319.0,Nc1nccs1,1.2837446392005132,train,../data/images/ESOL/319.png
320.0,CCC(C)O,1.6798292747274195,train,../data/images/ESOL/320.png
321.0,O=[N+]([O-])c1ccc(Cl)c(Cl)c1,-0.07153290886745654,train,../data/images/ESOL/321.png
322.0,CC(N)=O,2.209532823444126,train,../data/images/ESOL/322.png
323.0,CCCCOC=O,0.8017621309087352,train,../data/images/ESOL/323.png
324.0,CCCOC(=O)c1ccc(N)cc1,0.2854204735110088,train,../data/images/ESOL/324.png
325.0,Clc1ccc(-c2cc(Cl)c(Cl)c(Cl)c2Cl)cc1Cl,-2.2762449764991532,train,../data/images/ESOL/325.png
326.0,O=c1cc[nH]c(=O)[nH]1,0.7454513032073194,train,../data/images/ESOL/326.png
327.0,Nc1nc(=O)[nH]cc1F,0.9916918717999507,train,../data/images/ESOL/327.png
328.0,Cc1cc(=O)[nH]c(=S)[nH]1,0.2930558399789973,train,../data/images/ESOL/328.png
329.0,c1ccc2[nH]nnc2c1,1.0833162694158132,train,../data/images/ESOL/329.png
330.0,CCC(C)C1(CC)C(=O)NC(=O)NC1=O,0.31500751857446435,train,../data/images/ESOL/330.png
331.0,C=COCC,1.0499115411183633,train,../data/images/ESOL/331.png
332.0,CCCCCCCC(=O)OCN1C(=O)NC(c2ccccc2)(c2ccccc2)C1=O,-1.6573030821878305,train,../data/images/ESOL/332.png
333.0,CC1CCCC1,-0.11925394929238488,train,../data/images/ESOL/333.png
334.0,Clc1c(Cl)c(Cl)c(-c2ccccc2)c(Cl)c1Cl,-2.3239660169240817,train,../data/images/ESOL/334.png
335.0,CCOc1ccc2nc(S(N)(=O)=O)sc2c1,-0.36263125545952035,train,../data/images/ESOL/335.png
336.0,O=c1[nH]c(=O)c2[nH]c(=O)[nH]c2[nH]1,-0.4198965039694346,train,../data/images/ESOL/336.png
337.0,C#CC,1.2598841189880488,train,../data/images/ESOL/337.png
338.0,Cc1cc(C)c(C)cc1C,-0.7348553707739626,train,../data/images/ESOL/338.png
339.0,Cc1cccc(C)c1O,0.8399389632486779,train,../data/images/ESOL/339.png
340.0,OCC1OC(O)C(O)C(O)C1O,1.8086760838747267,train,../data/images/ESOL/340.png
341.0,CCCCN(CC)C(=O)SCCC,-0.22901234226972042,train,../data/images/ESOL/341.png
342.0,COc1ccccc1[N+](=O)[O-],0.520207992401657,train,../data/images/ESOL/342.png
343.0,COCOC,1.6846013787699126,train,../data/images/ESOL/343.png
344.0,CCN(CC)c1c([N+](=O)[O-])cc(C(F)(F)F)c(N)c1[N+](=O)[O-],-1.1548005265133334,train,../data/images/ESOL/344.png
345.0,CC12C=CC(=O)C=C1CCC1C2C(O)CC2(C)C1CCC2(O)C(=O)CO,-0.06198870078247083,train,../data/images/ESOL/345.png
346.0,CCC(C)(C)CO,0.9592415643109992,train,../data/images/ESOL/346.png
347.0,CC1=CCCCC1,-0.10493763716490642,train,../data/images/ESOL/347.png
348.0,C=CCC1(C(C)C)C(=O)NC(=O)NC1=O,0.6404650142724767,train,../data/images/ESOL/348.png
349.0,CC1=C2C3OC(=O)C(C)C3CCC2(C)C=CC1=O,-0.019039764400035034,train,../data/images/ESOL/349.png
350.0,NS(=O)(=O)c1cc2c(cc1Cl)NC(C(Cl)Cl)NS2(=O)=O,0.1766165013421717,train,../data/images/ESOL/350.png
351.0,CCC(=O)OC1CCC2C3CCC4=CC(=O)CCC4(C)C3CCC12C,-1.107079486088405,train,../data/images/ESOL/351.png
352.0,CC(C)N(C(=O)SCC(Cl)=CCl)C(C)C,-0.5897834078821802,train,../data/images/ESOL/352.png
353.0,CNC(=O)C(C)SCCSP(=O)(OC)OC,2.001469087191438,train,../data/images/ESOL/353.png
354.0,CC1=C(C(=O)Nc2ccccc2)S(=O)(=O)CCO1,0.3670234526376364,train,../data/images/ESOL/354.png
355.0,CCCCCCCCCCO,-0.276733382694649,train,../data/images/ESOL/355.png
356.0,CCSCCSP(=S)(OC)OC,-0.01951697480428448,train,../data/images/ESOL/356.png
357.0,CC1COC2CC3(C)C(CC4C5C=C6CC(O)CCC6(C)CC5CCC43C)OC2C1,-2.037639774374511,train,../data/images/ESOL/357.png
358.0,Cc1ccc(NC(=O)N(C)C)cc1Cl,-0.20658345327000416,train,../data/images/ESOL/358.png
359.0,Cc1cccc2c(C)cccc12,-0.7773270967521487,train,../data/images/ESOL/359.png
360.0,CCOC(=O)CC(SP(=S)(OC)OC)C(=O)OCC,-0.15265867758983495,train,../data/images/ESOL/360.png
361.0,CCOC(=O)c1ccccc1C(=O)OCC,0.3340959347444358,train,../data/images/ESOL/361.png
362.0,c1cc2cccc3c4cccc5cccc(c(c1)c23)c54,-2.74582001428045,train,../data/images/ESOL/362.png
363.0,Nc1cnn(-c2ccccc2)c(=O)c1Br,-0.036696549357258544,train,../data/images/ESOL/363.png
364.0,Cc1cccc(C)c1,0.10980704474727193,train,../data/images/ESOL/364.png
365.0,OC(c1ccccc1)C(O)c1ccccc1,0.5345243045291356,train,../data/images/ESOL/365.png
366.0,COc1ccc(C(O)(c2cncnc2)C2CC2)cc1,0.21670217529911168,train,../data/images/ESOL/366.png
367.0,C=C,1.2646562230305416,train,../data/images/ESOL/367.png
368.0,CCCO,1.7514108353648123,train,../data/images/ESOL/368.png
369.0,CCN1c2ncccc2C(=O)Nc2c(C(F)(F)F)cc(C)nc21,-0.5520837859464864,train,../data/images/ESOL/369.png
370.0,CC12CC1(C)C(=O)N(c1cc(Cl)cc(Cl)c1)C2=O,-0.8350695556663125,train,../data/images/ESOL/370.png
371.0,CC(=O)C(C)(C)C,1.1119488936707707,train,../data/images/ESOL/371.png
372.0,CC1(C)C(=O)NC(=O)NC1=O,0.6242398605280012,train,../data/images/ESOL/372.png
373.0,Oc1c(Cl)cc(Cl)c(Cl)c1Cl,-0.023811868442527993,train,../data/images/ESOL/373.png
374.0,Cc1cccc2c1ccc1ccccc12,-1.3361404801280616,train,../data/images/ESOL/374.png
375.0,CCCCC(C)CC,-1.006865301196055,train,../data/images/ESOL/375.png
376.0,CC12CCC3C(CCC4CC5SC5CC43C)C1CCC2O,-1.1261679022583764,train,../data/images/ESOL/376.png
377.0,Nc1nc2[nH]cnc2c(=O)[nH]1,-0.2543044936949327,train,../data/images/ESOL/377.png
378.0,CC(C)NC(=O)N1CC(=O)N(c2cc(Cl)cc(Cl)c2)C1=O,-0.6327323442646158,train,../data/images/ESOL/378.png
379.0,CC(C)c1ccc(NC(=O)N(C)C)cc1,-0.23187560469521623,train,../data/images/ESOL/379.png
380.0,CCNc1nc(Cl)nc(N(CC)CC)n1,-0.4819338565218414,train,../data/images/ESOL/380.png
381.0,Cc1cccc([N+](=O)[O-])c1,0.2911469983620002,train,../data/images/ESOL/381.png
382.0,CCCCCCCC(C)O,0.14798387708721455,train,../data/images/ESOL/382.png
383.0,CC1CC2C3CCC4=CC(=O)C=CC4(C)C3(F)C(O)CC2(C)C1(O)C(=O)CO,-0.25764496652467755,train,../data/images/ESOL/383.png
384.0,CCC(C)Cl,0.520207992401657,train,../data/images/ESOL/384.png
385.0,CCN1c2ncccc2C(=O)N(C)c2cccnc21,0.20524912559712882,train,../data/images/ESOL/385.png
386.0,CCOC(=O)NCCOc1ccc(Oc2ccccc2)cc1,-0.787348515241384,train,../data/images/ESOL/386.png
387.0,CCCCCCCCCCCCCCO,-1.3313683760855688,train,../data/images/ESOL/387.png
388.0,Oc1cccc(Cl)c1,1.1214931017557561,train,../data/images/ESOL/388.png
389.0,NC(=O)NC1NC(=O)NC1=O,0.6920037379313996,train,../data/images/ESOL/389.png
390.0,CCCCC(CC)COC(=O)c1ccccc1C(=O)OCC(CC)CCCC,-1.8658440288447682,train,../data/images/ESOL/390.png
391.0,CCCC1C(=O)N2C(N(C)C)=Nc3ccc(C)cc3N2C1=O,-0.23283002550371493,train,../data/images/ESOL/391.png
392.0,COP(=S)(OC)SCC(=O)N(c1ccc(Cl)cc1)C(C)C,-0.6594561269025758,train,../data/images/ESOL/392.png
393.0,CCCCCCCCCCCCCCCCCCCC,-2.444223038794902,train,../data/images/ESOL/393.png
394.0,CNC(=O)ON=C(SC)C(=O)N(C)C,1.5061246875806797,train,../data/images/ESOL/394.png
395.0,CC(=O)N(C)C,1.9852439334469623,train,../data/images/ESOL/395.png
396.0,CCC[N+](=O)[O-],1.0737720613308277,train,../data/images/ESOL/396.png
397.0,Oc1ccncc1,1.9422949970645262,train,../data/images/ESOL/397.png
398.0,C#CCCC,0.6729153217614282,train,../data/images/ESOL/398.png
399.0,COP(=S)(OC)Oc1cc(Cl)c(I)cc1Cl,-1.7035924914000113,train,../data/images/ESOL/399.png
400.0,CC(C)CCCO,0.9115205238860707,train,../data/images/ESOL/400.png
401.0,CCCCCCCl,-0.033356076527513705,train,../data/images/ESOL/401.png
402.0,O=c1[nH]cnc2nc[nH]c12,0.3598652965738973,train,../data/images/ESOL/402.png
403.0,CCCCCCCCCCCCO,-0.8350695556663125,train,../data/images/ESOL/403.png
404.0,Cc1cc(C)c(C)c(C)c1C,-0.45330123226688446,train,../data/images/ESOL/404.png
405.0,CCCCC(C)(C)O,0.9401531481410278,train,../data/images/ESOL/405.png
406.0,OCC(O)CO,1.9900160374894549,train,../data/images/ESOL/406.png
407.0,O=[N+]([O-])c1ccccc1Cl,0.2386538538945789,train,../data/images/ESOL/407.png
408.0,CCOP(=S)(OCC)SCSC(C)(C)C,-0.8135950874750947,train,../data/images/ESOL/408.png
409.0,Cc1cnc2cncnc2n1,1.0480026995013663,train,../data/images/ESOL/409.png
410.0,CN(C)C(=O)Nc1ccc(Oc2ccc(Cl)cc2)cc1,-0.878018492048748,train,../data/images/ESOL/410.png
411.0,C#CC(C)N(C)C(=O)Nc1ccc(Cl)cc1,-0.40558019184195593,train,../data/images/ESOL/411.png
412.0,CCOP(=S)(OCC)ON=C(C#N)c1ccccc1,-0.8646566007297682,train,../data/images/ESOL/412.png
413.0,CC(C)Cl,0.7826737147387638,train,../data/images/ESOL/413.png
414.0,CCCC(C)(C)O,1.2217072866481058,train,../data/images/ESOL/414.png
415.0,COc1ccccc1,0.5727011368690783,train,../data/images/ESOL/415.png
416.0,Clc1cc(Cl)c(-c2cc(Cl)c(Cl)cc2Cl)cc1Cl,-2.6293806756436244,train,../data/images/ESOL/416.png
417.0,CCCCCC(=O)OCC,0.3340959347444358,train,../data/images/ESOL/417.png
418.0,CSCS(=O)CC(CO)NC(=O)C=Cc1c(C)[nH]c(=O)[nH]c1=O,0.510186573912422,train,../data/images/ESOL/418.png
419.0,CCCC1COC(Cn2cncn2)(c2ccc(Cl)cc2Cl)O1,-0.21135555731249714,train,../data/images/ESOL/419.png
420.0,Clc1ccc(Cl)cc1,-0.10493763716490642,train,../data/images/ESOL/420.png
421.0,O=c1ccnc(S)[nH]1,0.3708411358716307,train,../data/images/ESOL/421.png
422.0,CCCCC(O)CC,0.7540410904838066,train,../data/images/ESOL/422.png
423.0,NNC(=O)c1ccncc1,1.4598352783684991,train,../data/images/ESOL/423.png
424.0,CCCCSP(=O)(SCCCC)SCCCC,-0.9973210931110693,train,../data/images/ESOL/424.png
425.0,OCCOc1ccccc1,1.1214931017557561,train,../data/images/ESOL/425.png
426.0,CCOC(=O)c1ccc(N)cc1,0.20715796721412597,train,../data/images/ESOL/426.png
427.0,COC=O,1.732322419194841,train,../data/images/ESOL/427.png
428.0,Brc1ccc(Br)c(Br)c1,-0.691906434391527,train,../data/images/ESOL/428.png
429.0,Clc1ccc2ccccc2c1,-0.5201106888617842,train,../data/images/ESOL/429.png
430.0,CCCCCOC(=O)CC,0.8447110672911708,train,../data/images/ESOL/430.png
431.0,COC(C)=O,1.6750571706849267,train,../data/images/ESOL/431.png
432.0,CCC1(c2ccccc2)CCC(=O)NC1=O,0.3402996699996764,train,../data/images/ESOL/432.png
433.0,NNc1ccccc1,1.4889451130277056,train,../data/images/ESOL/433.png
434.0,N#Cc1cc(I)c(O)c(I)c1,-0.26718917460966324,train,../data/images/ESOL/434.png
435.0,Nc1cc[nH]c(=O)n1,0.9043623678223315,train,../data/images/ESOL/435.png
436.0,ClCC(Cl)(Cl)Cl,0.4152217034668142,train,../data/images/ESOL/436.png
437.0,Clc1cc(-c2cc(Cl)c(Cl)c(Cl)c2Cl)c(Cl)c(Cl)c1Cl,-2.9157069181931954,train,../data/images/ESOL/437.png
438.0,C/C=C/CC,0.24342595793707164,train,../data/images/ESOL/438.png
439.0,CC(C)COC=O,0.9735578764384779,train,../data/images/ESOL/439.png
440.0,CCCCCOC(C)=O,0.5536127206991069,train,../data/images/ESOL/440.png
441.0,CCN1c2cc(Cl)ccc2NC(=O)c2cccnc21,-1.1023073820459124,train,../data/images/ESOL/441.png
442.0,N#Cc1cc(Br)c(O)c(Br)c1,-0.13357026141986356,train,../data/images/ESOL/442.png
443.0,COC(=O)Nc1nc2ccc(C(=O)c3ccccc3)cc2[nH]1,-0.39603598375697024,train,../data/images/ESOL/443.png
444.0,Cc1ccc(C(C)C)cc1,-0.34354283928954893,train,../data/images/ESOL/444.png
445.0,C1=CCCCCC1,-0.06198870078247083,train,../data/images/ESOL/445.png
446.0,CSc1ccccc1,0.31500751857446435,train,../data/images/ESOL/446.png
447.0,CC(C)CC(C)C,-0.5773759373716985,train,../data/images/ESOL/447.png
448.0,CCCCC(C)=O,1.0737720613308277,train,../data/images/ESOL/448.png
449.0,CCCC(C)=O,1.3648704079228915,train,../data/images/ESOL/449.png
450.0,CC(C)CC(C)O,1.0737720613308277,train,../data/images/ESOL/450.png
451.0,Nc1ccc([N+](=O)[O-])cc1,0.3245517266594501,train,../data/images/ESOL/451.png
452.0,CC1(C)C2CCC1(C)C(O)C2,0.34841224687191447,train,../data/images/ESOL/452.png
453.0,Cc1cccc(C)c1NC(=O)c1cc(S(N)(=O)=O)c(Cl)cc1O,-0.35308704737453467,train,../data/images/ESOL/453.png
454.0,N#CCCCl,1.317149367497963,train,../data/images/ESOL/454.png
455.0,c1ccc2c(c1)Cc1cc3ccccc3cc1-2,-2.3812312654339958,train,../data/images/ESOL/455.png
456.0,CC12CCc3c(ccc4cc(O)ccc34)C1CCC2=O,-1.045042133535998,train,../data/images/ESOL/456.png
457.0,CCOC(=O)CC(=O)OCC,1.064227853245842,train,../data/images/ESOL/457.png
458.0,C=CCSS(=O)CC=C,1.059455749203349,train,../data/images/ESOL/458.png
459.0,CCC(C)CC,-0.30059390290711335,train,../data/images/ESOL/459.png
460.0,O=C1CSC(=S)N1,0.6108779692090212,train,../data/images/ESOL/460.png
461.0,CCOP(=S)(OCC)Oc1nc(Cl)n(C(C)C)n1,-0.29009527401362895,train,../data/images/ESOL/461.png
462.0,O=C1CN=C(c2ccccc2)c2cc([N+](=O)[O-])ccc2N1,-0.35595030980003023,train,../data/images/ESOL/462.png
463.0,Cc1c2ccccc2cc2ccccc12,-1.355228896298033,train,../data/images/ESOL/463.png
464.0,COC1=C(OC)C2C(=O)OCC2C=C1,0.5493178270608634,train,../data/images/ESOL/464.png
465.0,COc1c2occc2c(OC)c2c(=O)cc(C)oc12,0.013887753493165398,train,../data/images/ESOL/465.png
466.0,O=c1oc2ccccc2c(O)c1C(CC(O)c1ccc(-c2ccc(Br)cc2)cc1)c1ccccc1,-0.6656598621578165,train,../data/images/ESOL/466.png
467.0,C1CCC2CCCCC2C1,-1.0211816133235339,train,../data/images/ESOL/467.png
468.0,O=C1NC(=O)C2(CC2)C(=O)N1,0.5555215623161042,train,../data/images/ESOL/468.png
469.0,CCC(C=O)CC,0.7301805702713424,train,../data/images/ESOL/469.png
470.0,CCCC(=O)CCC,0.835166859206185,train,../data/images/ESOL/470.png
471.0,Cc1ccccc1,0.4009053913393357,train,../data/images/ESOL/471.png
472.0,O=C1NC(=O)C(=O)N1,1.2646562230305416,train,../data/images/ESOL/472.png
473.0,CC(=O)N(c1onc(C)c1C)S(=O)c1ccc(N)cc1,-0.25764496652467755,train,../data/images/ESOL/473.png
474.0,CC,0.806534234951228,train,../data/images/ESOL/474.png
475.0,Clc1ccc(-c2c(Cl)cc(Cl)c(Cl)c2Cl)c(Cl)c1Cl,-2.199891311819268,train,../data/images/ESOL/475.png
476.0,CCC#CCC,0.5058916802741784,train,../data/images/ESOL/476.png
477.0,CCC(C)CCO,1.1167209977132633,train,../data/images/ESOL/477.png
478.0,Clc1c(Cl)c(Cl)c(-c2c(Cl)c(Cl)c(Cl)c(Cl)c2Cl)c(Cl)c1Cl,-4.080100304561451,train,../data/images/ESOL/478.png
479.0,c1ccc2nc(-c3ccc4ccccc4n3)ccc2c1,-1.1213957982158838,train,../data/images/ESOL/479.png
480.0,Nc1ccccc1,1.2598841189880488,train,../data/images/ESOL/480.png
481.0,CC(C)CCOC=O,0.7301805702713424,train,../data/images/ESOL/481.png
482.0,CN(C)C(=S)SSC(=S)N(C)C,-0.40558019184195593,train,../data/images/ESOL/482.png
483.0,Oc1ccc2ncccc2c1,0.42476591155179994,train,../data/images/ESOL/483.png
484.0,O=C(C=CC=Cc1ccc2c(c1)OCO2)N1CCCCC1,-0.19560761397227056,train,../data/images/ESOL/484.png
485.0,Oc1ccc2ccccc2c1,0.3675006630418859,train,../data/images/ESOL/485.png
486.0,N#Cc1c(Cl)c(Cl)c(Cl)c(C#N)c1Cl,-1.2359262952357117,train,../data/images/ESOL/486.png
487.0,CCCC(C)(C)CO,0.7301805702713424,train,../data/images/ESOL/487.png
488.0,C=CCC,0.5297522004866427,train,../data/images/ESOL/488.png
489.0,NS(=O)(=O)c1cc2c(cc1C(F)(F)F)NC(Cc1ccccc1)NS2(=O)=O,-0.25764496652467755,train,../data/images/ESOL/489.png
490.0,ClC(Cl)C(Cl)Cl,0.6251942813364997,train,../data/images/ESOL/490.png
491.0,Cc1ccnc2c1NC(=O)c1cccnc1N2C1CC1,-0.06676080482496358,train,../data/images/ESOL/491.png
492.0,O=[N+]([O-])c1cccc(O)c1,0.9735578764384779,train,../data/images/ESOL/492.png
493.0,FC(F)(F)C(Cl)Br,0.6395105934639783,train,../data/images/ESOL/493.png
494.0,C#CC1(O)CCC2C3CCC4=Cc5oncc5CC4(C)C3CCC21C,-1.1724573114705572,train,../data/images/ESOL/494.png
495.0,CCNP(=S)(OC)OC(C)=CC(=O)OC(C)C,-0.1707926729513077,train,../data/images/ESOL/495.png
496.0,CCC(=O)OCN1C(=O)NC(c2ccccc2)(c2ccccc2)C1=O,-0.886131068920986,train,../data/images/ESOL/496.png
497.0,CCCCCCC(C)=O,0.4772590560192214,train,../data/images/ESOL/497.png
498.0,c1ccc2c(c1)-c1cccc3cccc-2c13,-1.4077220407654545,train,../data/images/ESOL/498.png
499.0,CCCCC1C(=O)N(c2ccccc2)N(c2ccc(O)cc2)C1=O,-0.3244544231195775,train,../data/images/ESOL/499.png
500.0,CCCSCCC,0.22433754176710025,train,../data/images/ESOL/500.png
501.0,CCOP(=S)(OCC)SCSc1ccc(Cl)cc1,-1.2817384940436436,train,../data/images/ESOL/501.png
502.0,CCC(C)(C)Cl,0.2577422700645503,train,../data/images/ESOL/502.png
503.0,CCCCCCCCC(=O)OCC,-0.3578591514170274,train,../data/images/ESOL/503.png
504.0,Nc1ncnc2nc[nH]c12,0.44385432772177136,train,../data/images/ESOL/504.png
505.0,Clc1ccc(C(c2ccc(Cl)cc2)C(Cl)(Cl)Cl)cc1,-1.9565140056521326,train,../data/images/ESOL/505.png
506.0,c1ccc2cc3ccccc3cc2c1,-1.5747456822527042,train,../data/images/ESOL/506.png
507.0,CCSCc1ccccc1OC(=O)NC,0.45817063984925,train,../data/images/ESOL/507.png
508.0,CNN,2.0950023264242974,train,../data/images/ESOL/508.png
509.0,Clc1ccc(Br)cc1,-0.276733382694649,train,../data/images/ESOL/509.png
510.0,O=C1NC(=O)C2(CCCCCCC2)C(=O)N1,0.032498959258887586,train,../data/images/ESOL/510.png
511.0,CCN1c2cc(N(C)C)cc(C)c2NC(=O)c2cccnc21,-0.868951494368012,train,../data/images/ESOL/511.png
512.0,CCCCCC(C)C,-0.9686884688561124,train,../data/images/ESOL/512.png
513.0,ClC(Br)Br,0.5488406166566141,train,../data/images/ESOL/513.png
514.0,O=[N+]([O-])c1ccccc1O,0.6251942813364997,train,../data/images/ESOL/514.png
515.0,CCC(O)C(C)C,1.1214931017557561,train,../data/images/ESOL/515.png
516.0,Cc1ccc2c(ccc3ccccc32)c1,-1.3313683760855688,train,../data/images/ESOL/516.png
517.0,O=c1[nH]cnc2[nH]ncc12,0.37418160870137573,train,../data/images/ESOL/517.png
518.0,C=C(Br)CC1(C(C)CC)C(=O)NC(=O)NC1=O,0.19236444468239827,train,../data/images/ESOL/518.png
519.0,COP(=O)(OC)C(O)C(Cl)(Cl)Cl,1.350554095795413,train,../data/images/ESOL/519.png
520.0,Oc1cc(Cl)cc(Cl)c1,0.8160784430362137,train,../data/images/ESOL/520.png
521.0,Nc1ncnc2c1ccn2C1OC(CO)C(O)C1O,0.5249800964441499,train,../data/images/ESOL/521.png
522.0,O=C1CN=C(c2ccccc2Cl)c2cc([N+](=O)[O-])ccc2N1,-0.21421881973799273,train,../data/images/ESOL/522.png
523.0,c1cncnc1,1.980471829404469,train,../data/images/ESOL/523.png
524.0,O=[N+]([O-])c1cccc(Cl)c1,0.1336675649597361,train,../data/images/ESOL/524.png
525.0,Cc1cccc2sc3nncn3c12,0.46771484793423573,train,../data/images/ESOL/525.png
526.0,O=C1Nc2ccc(Cl)cc2C(c2ccccc2)=NC1O,-0.4303951328629188,train,../data/images/ESOL/526.png
527.0,NS(=O)(=O)c1cc(C2(O)NC(=O)c3ccccc32)ccc1Cl,-0.19131272033402702,train,../data/images/ESOL/527.png
528.0,CCCCCCCCCC(=O)OC,-0.7825764111988913,train,../data/images/ESOL/528.png
529.0,Nc1ccc(S(N)(=O)=O)cc1,0.8160784430362137,train,../data/images/ESOL/529.png
530.0,CCCCCCCCOC(=O)c1ccccc1C(=O)OCCCCCCCC,-0.9853908330048374,train,../data/images/ESOL/530.png
531.0,CCOP(=O)(OCC)OCC,1.6607408585574484,train,../data/images/ESOL/531.png
532.0,C=CCCCCCCC,-0.9543721567286337,train,../data/images/ESOL/532.png
533.0,CCN(Cc1c(F)cccc1Cl)c1c([N+](=O)[O-])cc(C(F)(F)F)cc1[N+](=O)[O-],-1.779946156079897,train,../data/images/ESOL/533.png
534.0,CC1OC(OC2C(O)CC(OC3C(O)CC(OC4CCC5(C)C(CCC6C5CC(O)C5(C)C(C7=CC(=O)OC7)CCC65O)C4)OC3C)OC2C)CC(O)C1O,-0.4919552750110768,train,../data/images/ESOL/534.png
535.0,CCO,1.980471829404469,train,../data/images/ESOL/535.png
536.0,Cc1ccccc1N,0.4009053913393357,train,../data/images/ESOL/536.png
537.0,CCCCCC(C)O,0.7158642581438638,train,../data/images/ESOL/537.png
538.0,CCCCNC(=O)n1c(NC(=O)OC)nc2ccccc21,-0.8746780192190031,train,../data/images/ESOL/538.png
539.0,Clc1cccc2ccccc12,-0.4198965039694346,train,../data/images/ESOL/539.png
540.0,C=CCC1(CC)C(=O)NC(=O)NC1=O,0.6853227922719095,train,../data/images/ESOL/540.png
541.0,CCCOC(=O)CC,1.064227853245842,train,../data/images/ESOL/541.png
542.0,CC(=O)OCC(C)C,0.8781157955886207,train,../data/images/ESOL/542.png
543.0,CC(C)c1ccccc1,-0.10493763716490642,train,../data/images/ESOL/543.png
544.0,COc1cccc(Cl)c1,0.12889546091724335,train,../data/images/ESOL/544.png
545.0,c1ccc2ccccc2c1,-0.2624170705671705,train,../data/images/ESOL/545.png
546.0,Clc1cccc(Br)c1,-0.07630501290994929,train,../data/images/ESOL/546.png
547.0,CN(C)C(=O)C(c1ccccc1)c1ccccc1,0.03345338006738626,train,../data/images/ESOL/547.png
548.0,CCc1cccc(CC)c1N(COC)C(=O)CCl,-0.10016553312241346,train,../data/images/ESOL/548.png
549.0,c1ccc(Oc2ccccc2)cc1,-0.4342128160969131,train,../data/images/ESOL/549.png
550.0,Oc1c2ccccc2cc2ccccc12,-0.8016648273688628,train,../data/images/ESOL/550.png
551.0,CCN(CC)C(=S)SSC(=S)N(CC)CC,-0.8637021799212697,train,../data/images/ESOL/551.png
552.0,CCOC(=O)c1ccccc1S(=O)(=O)NN(C=O)c1nc(Cl)cc(OC)n1,-0.728174425114473,train,../data/images/ESOL/552.png
553.0,CCCI,0.36272855899939294,train,../data/images/ESOL/553.png
554.0,CC(Cl)Cl,0.8399389632486779,train,../data/images/ESOL/554.png
555.0,CCCCl,0.7540410904838066,train,../data/images/ESOL/555.png
556.0,CCCCCCC(=O)OCN1C(=O)NC(c2ccccc2)(c2ccccc2)C1=O,-1.5513623724444894,train,../data/images/ESOL/556.png
557.0,Clc1ccc(-c2c(Cl)c(Cl)c(Cl)c(Cl)c2Cl)c(Cl)c1,-2.3239660169240817,train,../data/images/ESOL/557.png
558.0,Cc1cc2ccccc2cc1C,-0.7968927233263696,train,../data/images/ESOL/558.png
559.0,Oc1cccc2cccnc12,0.3006912064469859,train,../data/images/ESOL/559.png
560.0,BrCCBr,0.6538269055914568,train,../data/images/ESOL/560.png
561.0,CN1C(=O)CN=C(c2ccccc2)c2cc(Cl)ccc21,-0.33590747282156036,train,../data/images/ESOL/561.png
562.0,C1=CCCC1,0.45339853580675704,train,../data/images/ESOL/562.png
563.0,CC(=O)Nc1cc(NS(=O)(=O)C(F)(F)F)c(C)cc1C,-0.09062132503742795,train,../data/images/ESOL/563.png
564.0,CNC(=O)C=C(C)OP(=O)(OC)OC,1.76620435789654,train,../data/images/ESOL/564.png
565.0,OC1CCCCCC1,1.035595228990885,train,../data/images/ESOL/565.png
566.0,CCCCCCCCC(=O)OC,-0.1574307816323277,train,../data/images/ESOL/566.png
567.0,CNC(=O)Oc1ccccc1C(C)C,0.0892869973645526,train,../data/images/ESOL/567.png
568.0,CCNc1nc(NC(C)(C)C)nc(OC)n1,-0.09014411463317852,train,../data/images/ESOL/568.png
569.0,Nc1cc2c3ccccc3ccc2c2ccccc12,-1.5031641216153115,train,../data/images/ESOL/569.png
570.0,C,1.026051020905899,train,../data/images/ESOL/570.png
571.0,C#C,1.5939314019625483,train,../data/images/ESOL/571.png
572.0,O=[N+]([O-])c1ccc(Cl)cc1,0.06208600432234339,train,../data/images/ESOL/572.png
573.0,Oc1c(Cl)cc(Cl)cc1Cl,0.3388680387869287,train,../data/images/ESOL/573.png
574.0,CCOC1Oc2ccc(OS(C)(=O)=O)cc2C1(C)C,-0.17651919780229913,train,../data/images/ESOL/574.png
575.0,Clc1cccc(Cl)c1,0.004820755812429133,train,../data/images/ESOL/575.png
576.0,CC12CCC(=O)C=C1CCC1C2C(=O)CC2(C)C1CCC2(O)C(=O)CO,-0.028583972485020745,train,../data/images/ESOL/576.png
577.0,OC(Cn1cncn1)(Cn1cncn1)c1ccc(F)cc1F,0.5965616570815425,train,../data/images/ESOL/577.png
578.0,O=C1CCC(N2C(=O)c3ccccc3C2=O)C(=O)N1,0.17852534295916883,train,../data/images/ESOL/578.png
579.0,CCNc1nc(Cl)nc(NC(C)C)n1,-0.3817196716294918,train,../data/images/ESOL/579.png
580.0,COC(C)(C)C,1.341009887710427,train,../data/images/ESOL/580.png
581.0,O=C1c2ccccc2Cc2ccccc2N1CCF,-0.8345923452620634,train,../data/images/ESOL/581.png
582.0,O=[N+]([O-])c1ccc(Oc2ccc(Cl)cc2Cl)cc1,-1.1500284224708406,train,../data/images/ESOL/582.png
583.0,CCCCC(C)O,1.030823124948392,train,../data/images/ESOL/583.png
584.0,CCCCCCCCO,0.31500751857446435,train,../data/images/ESOL/584.png
585.0,Nc1cnn(-c2ccccc2)c(=O)c1Cl,0.08212884130081327,train,../data/images/ESOL/585.png
586.0,Cc1ccccc1C(C)C,-0.338770735247056,train,../data/images/ESOL/586.png
587.0,ClC1=C(Cl)C2(Cl)C3CC=CC3C1(Cl)C2(Cl)Cl,-1.2359262952357117,train,../data/images/ESOL/587.png
588.0,O=Cc1ccco1,1.407819344305327,train,../data/images/ESOL/588.png
589.0,Cc1c[nH]c(=O)nc1N,0.759767615334798,train,../data/images/ESOL/589.png
590.0,c1ccsc1,0.8208505470787065,train,../data/images/ESOL/590.png
591.0,CC#N,1.5796150898350696,train,../data/images/ESOL/591.png
592.0,CC1CCC(C(C)C)C(O)C1,0.24819806197956462,train,../data/images/ESOL/592.png
593.0,CC12CCC(C1)C(C)(C)C2=O,0.5727011368690783,train,../data/images/ESOL/593.png
594.0,CC1(C)CON(Cc2ccccc2Cl)C1=O,0.33982245959542723,train,../data/images/ESOL/594.png
595.0,COP(=S)(OC)Oc1cc(Cl)c(Cl)cc1Cl,-1.2741031275756547,train,../data/images/ESOL/595.png
596.0,CC(C)Oc1cc(-n2nc(C(C)(C)C)oc2=O)c(Cl)cc1Cl,-1.2626500778736722,train,../data/images/ESOL/596.png
597.0,Cc1ccc(O)cc1C,0.7969900268662423,train,../data/images/ESOL/597.png
598.0,OCc1ccccc1,1.2646562230305416,train,../data/images/ESOL/598.png
599.0,O=C1NC(=O)C2(CCCCCC2)C(=O)N1,-0.056262175931479405,train,../data/images/ESOL/599.png
600.0,OCC1OC(OC2(CO)OC(CO)C(O)C2O)C(O)C(O)C1O,1.8325366040871909,train,../data/images/ESOL/600.png
601.0,CC(=O)CC(C)C,1.1024046855857845,train,../data/images/ESOL/601.png
602.0,c1cc2ccc3ccc4ccc5ccc6ccc1c1c2c3c4c5c61,-2.9977871077240725,train,../data/images/ESOL/602.png
603.0,CC12CCC3C(CC=C4CC(O)CCC43C)C1CCC2=O,-0.5105664807767988,train,../data/images/ESOL/603.png
604.0,CCBr,0.935381044098535,train,../data/images/ESOL/604.png
605.0,O=C1C(Cl)C(CCl)CN1c1cccc(C(F)(F)F)c1,-0.47573012126660075,train,../data/images/ESOL/605.png
606.0,Clc1ccc(-c2ccccc2Cl)cc1,-1.0641305497059694,train,../data/images/ESOL/606.png
607.0,CCCCCCCCCCCCCCCC,-2.553027010963739,train,../data/images/ESOL/607.png
608.0,CCC(C)=O,1.703689794939884,train,../data/images/ESOL/608.png
609.0,CC(C)CNC(=O)N1CCNC1=O,0.4295380155942929,train,../data/images/ESOL/609.png
610.0,CCCOC,1.2694283270730344,train,../data/images/ESOL/610.png
611.0,C=CC(C)C,0.1527559811297075,train,../data/images/ESOL/611.png
612.0,C1CCCC1,0.1957049175121431,train,../data/images/ESOL/612.png
613.0,Nc1ccc2cc3ccccc3cc2c1,-1.011637405238548,train,../data/images/ESOL/613.png
614.0,CCCCOCCCC,0.5727011368690783,train,../data/images/ESOL/614.png
615.0,CC(C)Cc1ccccc1,-0.5105664807767988,train,../data/images/ESOL/615.png
616.0,CCCCCC,-0.3769475675869988,train,../data/images/ESOL/616.png
617.0,CC(C)CCl,0.5011195762316856,train,../data/images/ESOL/617.png
618.0,ClCCBr,0.8256226511211994,train,../data/images/ESOL/618.png
619.0,CCN(CC)c1nc(Cl)nc(NC(C)C)n1,-0.35070099535328825,train,../data/images/ESOL/619.png
620.0,CCCCC(=O)OC1(C(=O)CO)C(C)CC2C3CCC4=CC(=O)C=CC4(C)C3(F)C(O)CC21C,-0.7921206192838769,train,../data/images/ESOL/620.png
621.0,Cc1cc2ccccc2c2ccc3ccccc3c12,-1.6892761792725326,train,../data/images/ESOL/621.png
622.0,NC(N)=O,1.9136623728095692,train,../data/images/ESOL/622.png
623.0,CN(C(=O)NC(C)(C)c1ccccc1)c1ccccc1,-0.14311446950484924,train,../data/images/ESOL/623.png
624.0,N#Cc1ccccc1C#N,0.3197796226169573,train,../data/images/ESOL/624.png
625.0,C=C(C)CCC,0.009592859854922094,train,../data/images/ESOL/625.png
626.0,CCCC(=O)CC,1.059455749203349,train,../data/images/ESOL/626.png
627.0,CC(=O)CC(c1ccc(Cl)cc1)c1c(O)c2ccccc2oc1=O,-1.3308911656813198,train,../data/images/ESOL/627.png
628.0,ClC(Cl)(Cl)Cl,0.3531843509144072,train,../data/images/ESOL/628.png
629.0,CCCOC(C)C,0.8160784430362137,train,../data/images/ESOL/629.png
630.0,C1=CCCCC1,0.2195654377246075,train,../data/images/ESOL/630.png
631.0,COc1ccccc1O,0.520207992401657,train,../data/images/ESOL/631.png
632.0,COP(=S)(OC)Oc1ccc(SC)c(C)c1,-0.7253111626889771,train,../data/images/ESOL/632.png
633.0,CCCCCCCC(=O)OC,-0.05721659673997787,train,../data/images/ESOL/633.png
634.0,c1ccc(C2CO2)cc1,0.6920037379313996,train,../data/images/ESOL/634.png
635.0,CC=Cc1ccc(OC)cc1,-0.03812818057000645,train,../data/images/ESOL/635.png
636.0,Brc1ccc2ccccc2c1,-0.6441853939665987,train,../data/images/ESOL/636.png
637.0,C#CCCCCCCC,-0.567831729286713,train,../data/images/ESOL/637.png
638.0,CCCCC1(CC)C(=O)NC(=O)NC1=O,0.6628939032721932,train,../data/images/ESOL/638.png
639.0,Cc1ccncc1C,1.6273361302599982,train,../data/images/ESOL/639.png
640.0,CNc1cnn(-c2cccc(C(F)(F)F)c2)c(=O)c1Cl,-0.4752529108623517,train,../data/images/ESOL/640.png
641.0,c1ccc2cnccc2c1,0.7635852985687924,train,../data/images/ESOL/641.png
642.0,Cc1ccc(C)c(C)c1,-0.12402605333487783,train,../data/images/ESOL/642.png
643.0,CC(C)C(=O)C(C)C,0.835166859206185,train,../data/images/ESOL/643.png
644.0,c1ccc2c(c1)c1ccccc1c1ccccc21,-1.7541767942504354,train,../data/images/ESOL/644.png
645.0,O=[N+]([O-])C(Cl)(Cl)Cl,0.5011195762316856,train,../data/images/ESOL/645.png
646.0,C=CCC1(C(C)CCC)C(=O)NC(=S)NC1=O,-0.19560761397227056,train,../data/images/ESOL/646.png
647.0,FC(F)(Cl)C(F)(F)Cl,0.14798387708721455,train,../data/images/ESOL/647.png
648.0,CCCN(CCC)c1c([N+](=O)[O-])cc(S(N)(=O)=O)cc1[N+](=O)[O-],-1.006865301196055,train,../data/images/ESOL/648.png
649.0,CC(=O)Nc1nnc(S(N)(=O)=O)s1,0.32932383070194304,train,../data/images/ESOL/649.png
650.0,Oc1ccc(Cl)c(Cl)c1,0.8590273794186494,train,../data/images/ESOL/650.png
651.0,CCOC(=O)c1cncn1C(C)c1ccccc1,-0.8040508793901091,train,../data/images/ESOL/651.png
652.0,Cc1cc(OC(=O)N(C)C)n(-c2ccccc2)n1,0.45817063984925,train,../data/images/ESOL/652.png
653.0,CCCCc1c(C)nc(NCC)[nH]c1=O,0.010547280663420559,train,../data/images/ESOL/653.png
654.0,NS(=O)(=O)c1cc2c(cc1Cl)N=CNS2(=O)=O,4.86517699363843e-05,train,../data/images/ESOL/654.png
655.0,c1ccc2scnc2c1,0.7397247783563281,train,../data/images/ESOL/655.png
656.0,ClC1=C(Cl)C(Cl)(C2(Cl)C(Cl)=C(Cl)C(Cl)=C2Cl)C(Cl)=C1Cl,-2.0175969373960405,train,../data/images/ESOL/656.png
657.0,Brc1ccccc1Br,-0.21469603014224198,train,../data/images/ESOL/657.png
658.0,CC(C)I,0.45817063984925,train,../data/images/ESOL/658.png
659.0,CNC(=O)Oc1cccc(N=CN(C)C)c1,0.3388680387869287,train,../data/images/ESOL/659.png
660.0,C=CCC1(CC=C)C(=O)NC(=O)NC1=O,0.46437437510449064,train,../data/images/ESOL/660.png
661.0,Cc1cc(C)c2ccccc2c1,-0.5916922494991772,train,../data/images/ESOL/661.png
662.0,C=C(C)C(=C)C,0.3102354145319716,train,../data/images/ESOL/662.png
663.0,CCNC(=S)NCC,0.7588131945262995,train,../data/images/ESOL/663.png
664.0,Cc1cc2c3ccccc3ccc2c2ccccc12,-1.6797319711875471,train,../data/images/ESOL/664.png
665.0,c1ccc(Cc2ccccc2)cc1,-0.4914780646068273,train,../data/images/ESOL/665.png
666.0,CN(C)C(=O)NC1CCCCCCC1,0.39708770810534144,train,../data/images/ESOL/666.png
667.0,CCCCCCCC(C)=O,0.22433754176710025,train,../data/images/ESOL/667.png
668.0,CNC(=O)Oc1cccc2c1OC(C)(C)C2,0.11935125283225764,train,../data/images/ESOL/668.png
669.0,CCCBr,0.6299663853789925,train,../data/images/ESOL/669.png
670.0,CON(C)C(=O)Nc1ccc(Cl)cc1,0.2291096458095932,train,../data/images/ESOL/670.png
671.0,NC(=S)Nc1ccccc1,0.6108779692090212,train,../data/images/ESOL/671.png
672.0,CC1(C)C(C=C(Cl)Cl)C1C(=O)OC(C#N)c1ccc(F)c(Oc2ccccc2)c1,-2.045752351246749,train,../data/images/ESOL/672.png
673.0,CCc1ccccc1C,-0.07630501290994929,train,../data/images/ESOL/673.png
674.0,CC(=O)SC1CC2=CC(=O)CCC2(C)C2CCC3(C)C(CCC34CCC(=O)O4)C12,-0.5358586322020108,train,../data/images/ESOL/674.png
675.0,Clc1cc(Cl)c(-c2c(Cl)cc(Cl)cc2Cl)c(Cl)c1,-2.7009622362810175,train,../data/images/ESOL/675.png
676.0,O=c1[nH]c2c(c(=O)n1C1CCCCC1)CCC2,-0.7367642123909596,train,../data/images/ESOL/676.png
677.0,CC(C)(C)C(=O)C(Oc1ccc(Cl)cc1)n1cncn1,-0.26718917460966324,train,../data/images/ESOL/677.png
678.0,CSc1nnc(C(C)(C)C)c(=O)n1N,0.38038534395661644,train,../data/images/ESOL/678.png
679.0,CCOC(=O)c1ccccc1,0.34841224687191447,train,../data/images/ESOL/679.png
680.0,Fc1cccc(Br)c1,0.18138860538466464,train,../data/images/ESOL/680.png
681.0,O=CNC(N1C=CN(C(NC=O)C(Cl)(Cl)Cl)C=C1)C(Cl)(Cl)Cl,-0.5439712090742488,train,../data/images/ESOL/681.png
682.0,c1ccc2nc3ccccc3cc2c1,-0.2958217988646204,train,../data/images/ESOL/682.png
683.0,ClC(Cl)Cl,0.8972042117585922,train,../data/images/ESOL/683.png
684.0,CCC1(C2=CCC3CCC2C3)C(=O)NC(=O)NC1=O,0.16898113487418312,train,../data/images/ESOL/684.png
685.0,CC12CCC(=O)C=C1CCC1C2CCC2(C)C1CCC2(C)O,-0.45282402186263526,train,../data/images/ESOL/685.png
686.0,OC(Cn1cncn1)(c1ccc(F)cc1)c1ccccc1F,-0.15265867758983495,train,../data/images/ESOL/686.png
687.0,CC1CCCCC1,-0.3817196716294918,train,../data/images/ESOL/687.png
688.0,O=Cc1ccccc1,0.8876600036736065,train,../data/images/ESOL/688.png
689.0,O=C1C2(Cl)C3(Cl)C4(Cl)C(Cl)(Cl)C5(Cl)C3(Cl)C1(Cl)C5(Cl)C24Cl,-1.0541091312167346,train,../data/images/ESOL/689.png
690.0,NC(=O)c1cccnc1,1.7466387313223195,train,../data/images/ESOL/690.png
691.0,C=C(C)C1Cc2c(ccc3c2OC2COc4cc(OC)c(OC)cc4C2C3=O)O1,-0.6537296020515841,train,../data/images/ESOL/691.png
692.0,CCOc1ccc(C(C)(C)COCc2cccc(Oc3ccccc3)c2)cc1,-2.6484690918135954,train,../data/images/ESOL/692.png
693.0,ICI,0.3388680387869287,train,../data/images/ESOL/693.png
694.0,CCCC=O,1.4507682806877629,train,../data/images/ESOL/694.png
695.0,CCC=O,1.732322419194841,train,../data/images/ESOL/695.png
696.0,CNC(=O)Oc1ccc(N(C)C)c(C)c1,0.32932383070194304,train,../data/images/ESOL/696.png
697.0,CCCCCl,0.48680326410420716,train,../data/images/ESOL/697.png
698.0,CC(=O)C1(O)CCC2C3CC(C)C4=CC(=O)C=CC4(C)C3(F)C(O)CC21C,-0.5005450622875638,train,../data/images/ESOL/698.png
699.0,O=[N+]([O-])c1c(Cl)c(Cl)c(Cl)c(Cl)c1Cl,-1.3218241680005833,train,../data/images/ESOL/699.png
700.0,CCOc1ccccc1,0.3436401428294215,train,../data/images/ESOL/700.png
701.0,CC(C)C(C)(C)C,-0.6250969777966272,train,../data/images/ESOL/701.png
702.0,CC12CCC3C(=CCc4cc(O)ccc43)C1CCC2=O,-1.0650849705144678,train,../data/images/ESOL/702.png
703.0,CCOP(=S)(OCC)N1C(=O)c2ccccc2C1=O,-0.14311446950484924,train,../data/images/ESOL/703.png
704.0,CC(C)CCO,1.2121630785631203,train,../data/images/ESOL/704.png
705.0,CCCCCC=O,0.835166859206185,train,../data/images/ESOL/705.png
706.0,Nc1cc(N2CCCCC2)nc(N)[n+]1[O-],0.5063688906784277,train,../data/images/ESOL/706.png
707.0,CC=C(C(=CC)c1ccc(O)cc1)c1ccc(O)cc1,-0.9066511163037053,train,../data/images/ESOL/707.png
708.0,Cc1ncnc2nccnc12,1.2331603363500887,train,../data/images/ESOL/708.png
709.0,CCC(Br)(CC)C(=O)NC(N)=O,0.1766165013421717,train,../data/images/ESOL/709.png
