index,smiles
0,COc1ccc2c(c1OC)CN1CCc3cc4c(cc3C1C2)OCO4
1,COc1ccc2c(c1OC)CN1CCc3cc4c(cc3C1C2)OCO4
2,COc1ccc2c(c1OC)CN1CCc3cc4c(cc3C1C2)OCO4
3,COc1ccc2c(c1OC)CN1CCc3cc4c(cc3C1C2)OCO4
4,COc1ccc2c(c1OC)CN1CCc3cc4c(cc3C1C2)OCO4
5,COc1ccc2c(c1OC)CN1CCc3cc4c(cc3C1C2)OCO4
6,COc1ccc2c(c1OC)CN1CCc3cc4c(cc3C1C2)OCO4
7,COc1ccc2c(c1OC)CN1CCc3cc4c(cc3C1C2)OCO4
8,COc1ccc2c(c1OC)CN1CCc3cc4c(cc3C1C2)OCO4
9,COc1ccc2c(c1OC)CN1CCc3cc4c(cc3C1C2)OCO4
10,COc1ccc2c(c1OC)CN1CCc3cc4c(cc3C1C2)OCO4
11,COc1ccc2c(c1OC)CN1CCc3cc4c(cc3C1C2)OCO4
12,COc1ccc2c(c1OC)CN1CCc3cc4c(cc3C1C2)OCO4
13,COc1ccc2c(c1OC)CN1CCc3cc4c(cc3C1C2)OCO4
14,COc1ccc2c(c1OC)CN1CCc3cc4c(cc3C1C2)OCO4
15,COc1ccc2c(c1OC)CN1CCc3cc4c(cc3C1C2)OCO4
16,COc1ccc2c(c1OC)CN1CCc3cc4c(cc3C1C2)OCO4
17,COc1ccc2c(c1OC)CN1CCc3cc4c(cc3C1C2)OCO4
18,COc1ccc2c(c1OC)CN1CCc3cc4c(cc3C1C2)OCO4
19,COc1ccc2c(c1OC)CN1CCc3cc4c(cc3C1C2)OCO4
20,COc1ccc2c(c1OC)CN1CCc3cc4c(cc3C1C2)OCO4
21,COc1ccc2c(c1OC)CN1CCc3cc4c(cc3C1C2)OCO4
22,COc1ccc2c(c1OC)CN1CCc3cc4c(cc3C1C2)OCO4
23,COc1ccc2c(c1OC)CN1CCc3cc4c(cc3C1C2)OCO4
24,COc1ccc2c(c1OC)CN1CCc3cc4c(cc3C1C2)OCO4
25,COc1ccc2c(c1OC)CN1CCc3cc4c(cc3C1C2)OCO4
26,COc1ccc2c(c1OC)CN1CCc3cc4c(cc3C1C2)OCO4
27,COc1ccc2c(c1OC)CN1CCc3cc4c(cc3C1C2)OCO4
28,COc1ccc2c(c1OC)CN1CCc3cc4c(cc3C1C2)OCO4
29,COc1ccc2c(c1OC)CN1CCc3cc4c(cc3C1C2)OCO4
30,COc1ccc2c(c1OC)CN1CCc3cc4c(cc3C1C2)OCO4
31,COc1ccc2c(c1OC)CN1CCc3cc4c(cc3C1C2)OCO4
32,COc1ccc2c(c1OC)CN1CCc3cc4c(cc3C1C2)OCO4
33,COc1ccc2c(c1OC)CN1CCc3cc4c(cc3C1C2)OCO4
34,COc1ccc2c(c1OC)CN1CCc3cc4c(cc3C1C2)OCO4
35,COc1ccc2c(c1OC)CN1CCc3cc4c(cc3C1C2)OCO4
36,COc1ccc2c(c1OC)CN1CCc3cc4c(cc3C1C2)OCO4
37,COc1ccc2c(c1OC)CN1CCc3cc4c(cc3C1C2)OCO4
38,COc1ccc2c(c1OC)CN1CCc3cc4c(cc3C1C2)OCO4
39,COc1ccc2c(c1OC)CN1CCc3cc4c(cc3C1C2)OCO4
40,COc1ccc2c(c1OC)CN1CCc3cc4c(cc3C1C2)OCO4
41,COc1ccc2c(c1OC)CN1CCc3cc4c(cc3C1C2)OCO4
42,COc1ccc2c(c1OC)CN1CCc3cc4c(cc3C1C2)OCO4
43,COc1ccc2c(c1OC)CN1CCc3cc4c(cc3C1C2)OCO4
44,COc1ccc2c(c1OC)CN1CCc3cc4c(cc3C1C2)OCO4
45,COc1ccc2c(c1OC)CN1CCc3cc4c(cc3C1C2)OCO4
46,COc1ccc2c(c1OC)CN1CCc3cc4c(cc3C1C2)OCO4
47,COc1ccc2c(c1OC)CN1CCc3cc4c(cc3C1C2)OCO4
48,COc1ccc2c(c1OC)CN1CCc3cc4c(cc3C1C2)OCO4
49,COc1ccc2c(c1OC)CN1CCc3cc4c(cc3C1C2)OCO4
50,COc1ccc2c(c1OC)CN1CCc3cc4c(cc3C1C2)OCO4
51,COc1ccc2c(c1OC)CN1CCc3cc4c(cc3C1C2)OCO4
52,COc1ccc2c(c1OC)CN1CCc3cc4c(cc3C1C2)OCO4
53,COc1ccc2c(c1OC)CN1CCc3cc4c(cc3C1C2)OCO4
54,COc1ccc2c(c1OC)CN1CCc3cc4c(cc3C1C2)OCO4
55,COc1ccc2c(c1OC)CN1CCc3cc4c(cc3C1C2)OCO4
56,COc1ccc2c(c1OC)CN1CCc3cc4c(cc3C1C2)OCO4
57,COc1ccc2c(c1OC)CN1CCc3cc4c(cc3C1C2)OCO4
58,COc1ccc2c(c1OC)CN1CCc3cc4c(cc3C1C2)OCO4
59,COc1ccc2c(c1OC)CN1CCc3cc4c(cc3C1C2)OCO4
60,COc1ccc2c(c1OC)CN1CCc3cc4c(cc3C1C2)OCO4
61,COc1ccc2c(c1OC)CN1CCc3cc4c(cc3C1C2)OCO4
62,COc1ccc2c(c1OC)CN1CCc3cc4c(cc3C1C2)OCO4
63,COc1ccc2c(c1OC)CN1CCc3cc4c(cc3C1C2)OCO4
64,COc1ccc2c(c1OC)CN1CCc3cc4c(cc3C1C2)OCO4
65,COc1ccc2c(c1OC)CN1CCc3cc4c(cc3C1C2)OCO4
66,COc1ccc2c(c1OC)CN1CCc3cc4c(cc3C1C2)OCO4
67,COc1ccc2c(c1OC)CN1CCc3cc4c(cc3C1C2)OCO4
68,COc1ccc2c(c1OC)CN1CCc3cc4c(cc3C1C2)OCO4
69,COc1ccc2c(c1OC)CN1CCc3cc4c(cc3C1C2)OCO4
70,COc1ccc2c(c1OC)CN1CCc3cc4c(cc3C1C2)OCO4
71,COc1ccc2c(c1OC)CN1CCc3cc4c(cc3C1C2)OCO4
72,COc1ccc2c(c1OC)CN1CCc3cc4c(cc3C1C2)OCO4
73,COc1ccc2c(c1OC)CN1CCc3cc4c(cc3C1C2)OCO4
74,COc1ccc2c(c1OC)CN1CCc3cc4c(cc3C1C2)OCO4
75,COc1ccc2c(c1OC)CN1CCc3cc4c(cc3C1C2)OCO4
76,COc1ccc2c(c1OC)CN1CCc3cc4c(cc3C1C2)OCO4
77,COc1ccc2c(c1OC)CN1CCc3cc4c(cc3C1C2)OCO4
78,COc1ccc2c(c1OC)CN1CCc3cc4c(cc3C1C2)OCO4
79,COc1ccc2c(c1OC)CN1CCc3cc4c(cc3C1C2)OCO4
80,COc1ccc2c(c1OC)CN1CCc3cc4c(cc3C1C2)OCO4
81,COc1ccc2c(c1OC)CN1CCc3cc4c(cc3C1C2)OCO4
82,COc1ccc2c(c1OC)CN1CCc3cc4c(cc3C1C2)OCO4
83,COc1ccc2c(c1OC)CN1CCc3cc4c(cc3C1C2)OCO4
84,COc1ccc2c(c1OC)CN1CCc3cc4c(cc3C1C2)OCO4
85,COc1ccc2c(c1OC)CN1CCc3cc4c(cc3C1C2)OCO4
86,COc1ccc2c(c1OC)CN1CCc3cc4c(cc3C1C2)OCO4
87,COc1ccc2c(c1OC)CN1CCc3cc4c(cc3C1C2)OCO4
88,COc1ccc2c(c1OC)CN1CCc3cc4c(cc3C1C2)OCO4
89,COc1ccc2c(c1OC)CN1CCc3cc4c(cc3C1C2)OCO4
90,COc1ccc2c(c1OC)CN1CCc3cc4c(cc3C1C2)OCO4
91,COc1ccc2c(c1OC)CN1CCc3cc4c(cc3C1C2)OCO4
92,COc1ccc2c(c1OC)CN1CCc3cc4c(cc3C1C2)OCO4
93,COc1ccc2c(c1OC)CN1CCc3cc4c(cc3C1C2)OCO4
94,COc1ccc2c(c1OC)CN1CCc3cc4c(cc3C1C2)OCO4
95,COc1ccc2c(c1OC)CN1CCc3cc4c(cc3C1C2)OCO4
96,COc1ccc2c(c1OC)CN1CCc3cc4c(cc3C1C2)OCO4
97,COc1ccc2c(c1OC)CN1CCc3cc4c(cc3C1C2)OCO4
98,COc1ccc2c(c1OC)CN1CCc3cc4c(cc3C1C2)OCO4
99,COc1ccc2c(c1OC)CN1CCc3cc4c(cc3C1C2)OCO4
100,COc1ccc2c(c1OC)CN1CCc3cc4c(cc3C1C2)OCO4
101,COc1ccc2c(c1OC)CN1CCc3cc4c(cc3C1C2)OCO4
102,COc1ccc2c(c1OC)CN1CCc3cc4c(cc3C1C2)OCO4
103,COc1ccc2c(c1OC)CN1CCc3cc4c(cc3C1C2)OCO4
104,COc1ccc2c(c1OC)CN1CCc3cc4c(cc3C1C2)OCO4
105,COc1ccc2c(c1OC)CN1CCc3cc4c(cc3C1C2)OCO4
106,COc1ccc2c(c1OC)CN1CCc3cc4c(cc3C1C2)OCO4
107,COc1ccc2c(c1OC)CN1CCc3cc4c(cc3C1C2)OCO4
108,COc1ccc2c(c1OC)CN1CCc3cc4c(cc3C1C2)OCO4
109,COc1ccc2c(c1OC)CN1CCc3cc4c(cc3C1C2)OCO4
110,COc1ccc2c(c1OC)CN1CCc3cc4c(cc3C1C2)OCO4
111,COc1ccc2c(c1OC)CN1CCc3cc4c(cc3C1C2)OCO4
112,COc1ccc2c(c1OC)CN1CCc3cc4c(cc3C1C2)OCO4
113,COc1ccc2c(c1OC)CN1CCc3cc4c(cc3C1C2)OCO4
114,COc1ccc2c(c1OC)CN1CCc3cc4c(cc3C1C2)OCO4
115,COc1ccc2c(c1OC)CN1CCc3cc4c(cc3C1C2)OCO4
116,COc1ccc2c(c1OC)CN1CCc3cc4c(cc3C1C2)OCO4
117,COc1ccc2c(c1OC)CN1CCc3cc4c(cc3C1C2)OCO4
118,COc1ccc2c(c1OC)CN1CCc3cc4c(cc3C1C2)OCO4
119,COc1ccc2c(c1OC)CN1CCc3cc4c(cc3C1C2)OCO4
120,COc1ccc2c(c1OC)CN1CCc3cc4c(cc3C1C2)OCO4
121,COc1ccc2c(c1OC)CN1CCc3cc4c(cc3C1C2)OCO4
122,COc1ccc2c(c1OC)CN1CCc3cc4c(cc3C1C2)OCO4
123,COc1ccc2c(c1OC)CN1CCc3cc4c(cc3C1C2)OCO4
124,COc1ccc2c(c1OC)CN1CCc3cc4c(cc3C1C2)OCO4
125,COc1ccc2c(c1OC)CN1CCc3cc4c(cc3C1C2)OCO4
126,COc1ccc2c(c1OC)CN1CCc3cc4c(cc3C1C2)OCO4
127,COc1ccc2c(c1OC)CN1CCc3cc4c(cc3C1C2)OCO4
128,COc1ccc2c(c1OC)CN1CCc3cc4c(cc3C1C2)OCO4
129,COc1ccc2c(c1OC)CN1CCc3cc4c(cc3C1C2)OCO4
130,COc1ccc2c(c1OC)CN1CCc3cc4c(cc3C1C2)OCO4
131,COc1ccc2c(c1OC)CN1CCc3cc4c(cc3C1C2)OCO4
132,COc1ccc2c(c1OC)CN1CCc3cc4c(cc3C1C2)OCO4
133,COc1ccc2c(c1OC)CN1CCc3cc4c(cc3C1C2)OCO4
134,COc1ccc2c(c1OC)CN1CCc3cc4c(cc3C1C2)OCO4
135,COc1ccc2c(c1OC)CN1CCc3cc4c(cc3C1C2)OCO4
136,COc1ccc2c(c1OC)CN1CCc3cc4c(cc3C1C2)OCO4
137,COc1ccc2c(c1OC)CN1CCc3cc4c(cc3C1C2)OCO4
138,COc1ccc2c(c1OC)CN1CCc3cc4c(cc3C1C2)OCO4
139,COc1ccc2c(c1OC)CN1CCc3cc4c(cc3C1C2)OCO4
140,COc1ccc2c(c1OC)CN1CCc3cc4c(cc3C1C2)OCO4
141,COc1ccc2c(c1OC)CN1CCc3cc4c(cc3C1C2)OCO4
142,COc1ccc2c(c1OC)CN1CCc3cc4c(cc3C1C2)OCO4
143,COc1ccc2c(c1OC)CN1CCc3cc4c(cc3C1C2)OCO4
144,COc1ccc2c(c1OC)CN1CCc3cc4c(cc3C1C2)OCO4
145,COc1ccc2c(c1OC)CN1CCc3cc4c(cc3C1C2)OCO4
146,COc1ccc2c(c1OC)CN1CCc3cc4c(cc3C1C2)OCO4
147,COc1ccc2c(c1OC)CN1CCc3cc4c(cc3C1C2)OCO4
148,COc1ccc2c(c1OC)CN1CCc3cc4c(cc3C1C2)OCO4
149,COc1ccc2c(c1OC)CN1CCc3cc4c(cc3C1C2)OCO4
150,COc1ccc2c(c1OC)CN1CCc3cc4c(cc3C1C2)OCO4
151,COc1ccc2c(c1OC)CN1CCc3cc4c(cc3C1C2)OCO4
152,COc1ccc2c(c1OC)CN1CCc3cc4c(cc3C1C2)OCO4
153,COc1ccc2c(c1OC)CN1CCc3cc4c(cc3C1C2)OCO4
154,COc1ccc2c(c1OC)CN1CCc3cc4c(cc3C1C2)OCO4
155,COc1ccc2c(c1OC)CN1CCc3cc4c(cc3C1C2)OCO4
156,COc1ccc2c(c1OC)CN1CCc3cc4c(cc3C1C2)OCO4
157,COc1ccc2c(c1OC)CN1CCc3cc4c(cc3C1C2)OCO4
158,COc1ccc2c(c1OC)CN1CCc3cc4c(cc3C1C2)OCO4
159,COc1ccc2c(c1OC)CN1CCc3cc4c(cc3C1C2)OCO4
160,COc1ccc2c(c1OC)CN1CCc3cc4c(cc3C1C2)OCO4
161,COc1ccc2c(c1OC)CN1CCc3cc4c(cc3C1C2)OCO4
162,COc1ccc2c(c1OC)CN1CCc3cc4c(cc3C1C2)OCO4
163,COc1ccc2c(c1OC)CN1CCc3cc4c(cc3C1C2)OCO4
164,COc1ccc2c(c1OC)CN1CCc3cc4c(cc3C1C2)OCO4
165,COc1ccc2c(c1OC)CN1CCc3cc4c(cc3C1C2)OCO4
166,COc1ccc2c(c1OC)CN1CCc3cc4c(cc3C1C2)OCO4
167,COc1ccc2c(c1OC)CN1CCc3cc4c(cc3C1C2)OCO4
168,COc1ccc2c(c1OC)CN1CCc3cc4c(cc3C1C2)OCO4
169,COc1ccc2c(c1OC)CN1CCc3cc4c(cc3C1C2)OCO4
170,COc1ccc2c(c1OC)CN1CCc3cc4c(cc3C1C2)OCO4
171,COc1ccc2c(c1OC)CN1CCc3cc4c(cc3C1C2)OCO4
172,COc1ccc2c(c1OC)CN1CCc3cc4c(cc3C1C2)OCO4
173,COc1ccc2c(c1OC)CN1CCc3cc4c(cc3C1C2)OCO4
174,COc1ccc2c(c1OC)CN1CCc3cc4c(cc3C1C2)OCO4
175,COc1ccc2c(c1OC)CN1CCc3cc4c(cc3C1C2)OCO4
176,COc1ccc2c(c1OC)CN1CCc3cc4c(cc3C1C2)OCO4
177,COc1ccc2c(c1OC)CN1CCc3cc4c(cc3C1C2)OCO4
178,COc1ccc2c(c1OC)CN1CCc3cc4c(cc3C1C2)OCO4
179,COc1ccc2c(c1OC)CN1CCc3cc4c(cc3C1C2)OCO4
180,COc1ccc2c(c1OC)CN1CCc3cc4c(cc3C1C2)OCO4
181,COc1ccc2c(c1OC)CN1CCc3cc4c(cc3C1C2)OCO4
182,COc1ccc2c(c1OC)CN1CCc3cc4c(cc3C1C2)OCO4
183,COc1ccc2c(c1OC)CN1CCc3cc4c(cc3C1C2)OCO4
184,COc1ccc2c(c1OC)CN1CCc3cc4c(cc3C1C2)OCO4
185,COc1ccc2c(c1OC)CN1CCc3cc4c(cc3C1C2)OCO4
186,COc1ccc2c(c1OC)CN1CCc3cc4c(cc3C1C2)OCO4
187,COc1ccc2c(c1OC)CN1CCc3cc4c(cc3C1C2)OCO4
188,COc1ccc2c(c1OC)CN1CCc3cc4c(cc3C1C2)OCO4
189,COc1ccc2c(c1OC)CN1CCc3cc4c(cc3C1C2)OCO4
190,COc1ccc2c(c1OC)CN1CCc3cc4c(cc3C1C2)OCO4
191,COc1ccc2c(c1OC)CN1CCc3cc4c(cc3C1C2)OCO4
192,COc1ccc2c(c1OC)CN1CCc3cc4c(cc3C1C2)OCO4
193,COc1ccc2c(c1OC)CN1CCc3cc4c(cc3C1C2)OCO4
194,COc1ccc2c(c1OC)CN1CCc3cc4c(cc3C1C2)OCO4
195,COc1ccc2c(c1OC)CN1CCc3cc4c(cc3C1C2)OCO4
196,COc1ccc2c(c1OC)CN1CCc3cc4c(cc3C1C2)OCO4
197,COc1ccc2c(c1OC)CN1CCc3cc4c(cc3C1C2)OCO4
198,COc1ccc2c(c1OC)CN1CCc3cc4c(cc3C1C2)OCO4
199,COc1ccc2c(c1OC)CN1CCc3cc4c(cc3C1C2)OCO4
200,COc1ccc2c(c1OC)CN1CCc3cc4c(cc3C1C2)OCO4
201,COc1ccc2c(c1OC)CN1CCc3cc4c(cc3C1C2)OCO4
202,COc1ccc2c(c1OC)CN1CCc3cc4c(cc3C1C2)OCO4
203,COc1ccc2c(c1OC)CN1CCc3cc4c(cc3C1C2)OCO4
204,COc1ccc2c(c1OC)CN1CCc3cc4c(cc3C1C2)OCO4
205,COc1ccc2c(c1OC)CN1CCc3cc4c(cc3C1C2)OCO4
206,COc1ccc2c(c1OC)CN1CCc3cc4c(cc3C1C2)OCO4
207,COc1ccc2c(c1OC)CN1CCc3cc4c(cc3C1C2)OCO4
208,COc1ccc2c(c1OC)CN1CCc3cc4c(cc3C1C2)OCO4
209,COc1ccc2c(c1OC)CN1CCc3cc4c(cc3C1C2)OCO4
210,COc1ccc2c(c1OC)CN1CCc3cc4c(cc3C1C2)OCO4
211,COc1ccc2c(c1OC)CN1CCc3cc4c(cc3C1C2)OCO4
212,COc1ccc2c(c1OC)CN1CCc3cc4c(cc3C1C2)OCO4
213,COc1ccc2c(c1OC)CN1CCc3cc4c(cc3C1C2)OCO4
214,COc1ccc2c(c1OC)CN1CCc3cc4c(cc3C1C2)OCO4
215,COc1ccc2c(c1OC)CN1CCc3cc4c(cc3C1C2)OCO4
216,COc1ccc2c(c1OC)CN1CCc3cc4c(cc3C1C2)OCO4
217,COc1ccc2c(c1OC)CN1CCc3cc4c(cc3C1C2)OCO4
218,COc1ccc2c(c1OC)CN1CCc3cc4c(cc3C1C2)OCO4
219,COc1ccc2c(c1OC)CN1CCc3cc4c(cc3C1C2)OCO4
220,COc1ccc2c(c1OC)CN1CCc3cc4c(cc3C1C2)OCO4
221,COc1ccc2c(c1OC)CN1CCc3cc4c(cc3C1C2)OCO4
222,COc1ccc2c(c1OC)CN1CCc3cc4c(cc3C1C2)OCO4
223,COc1ccc2c(c1OC)CN1CCc3cc4c(cc3C1C2)OCO4
224,COc1ccc2c(c1OC)CN1CCc3cc4c(cc3C1C2)OCO4
225,COc1ccc2c(c1OC)CN1CCc3cc4c(cc3C1C2)OCO4
226,COc1ccc2c(c1OC)CN1CCc3cc4c(cc3C1C2)OCO4
227,COc1ccc2c(c1OC)CN1CCc3cc4c(cc3C1C2)OCO4
228,COc1ccc2c(c1OC)CN1CCc3cc4c(cc3C1C2)OCO4
229,COc1ccc2c(c1OC)CN1CCc3cc4c(cc3C1C2)OCO4
230,COc1ccc2c(c1OC)CN1CCc3cc4c(cc3C1C2)OCO4
231,COc1ccc2c(c1OC)CN1CCc3cc4c(cc3C1C2)OCO4
232,COc1ccc2c(c1OC)CN1CCc3cc4c(cc3C1C2)OCO4
233,COc1ccc2c(c1OC)CN1CCc3cc4c(cc3C1C2)OCO4
234,COc1ccc2c(c1OC)CN1CCc3cc4c(cc3C1C2)OCO4
235,COc1ccc2c(c1OC)CN1CCc3cc4c(cc3C1C2)OCO4
236,COc1ccc2c(c1OC)CN1CCc3cc4c(cc3C1C2)OCO4
237,COc1ccc2c(c1OC)CN1CCc3cc4c(cc3C1C2)OCO4
238,COc1ccc2c(c1OC)CN1CCc3cc4c(cc3C1C2)OCO4
239,COc1ccc2c(c1OC)CN1CCc3cc4c(cc3C1C2)OCO4
240,COc1ccc2c(c1OC)CN1CCc3cc4c(cc3C1C2)OCO4
241,COc1ccc2c(c1OC)CN1CCc3cc4c(cc3C1C2)OCO4
242,COc1ccc2c(c1OC)CN1CCc3cc4c(cc3C1C2)OCO4
243,COc1ccc2c(c1OC)CN1CCc3cc4c(cc3C1C2)OCO4
244,COc1ccc2c(c1OC)CN1CCc3cc4c(cc3C1C2)OCO4
245,COc1ccc2c(c1OC)CN1CCc3cc4c(cc3C1C2)OCO4
246,COc1ccc2c(c1OC)CN1CCc3cc4c(cc3C1C2)OCO4
247,COc1ccc2c(c1OC)CN1CCc3cc4c(cc3C1C2)OCO4
248,COc1ccc2c(c1OC)CN1CCc3cc4c(cc3C1C2)OCO4
249,COc1ccc2c(c1OC)CN1CCc3cc4c(cc3C1C2)OCO4
250,COc1ccc2c(c1OC)CN1CCc3cc4c(cc3C1C2)OCO4
251,COc1ccc2c(c1OC)CN1CCc3cc4c(cc3C1C2)OCO4
252,COc1ccc2c(c1OC)CN1CCc3cc4c(cc3C1C2)OCO4
253,COc1ccc2c(c1OC)CN1CCc3cc4c(cc3C1C2)OCO4
254,COc1ccc2c(c1OC)CN1CCc3cc4c(cc3C1C2)OCO4
255,COc1ccc2c(c1OC)CN1CCc3cc4c(cc3C1C2)OCO4
256,COc1ccc2c(c1OC)CN1CCc3cc4c(cc3C1C2)OCO4
257,COc1ccc2c(c1OC)CN1CCc3cc4c(cc3C1C2)OCO4
258,COc1ccc2c(c1OC)CN1CCc3cc4c(cc3C1C2)OCO4
259,COc1ccc2c(c1OC)CN1CCc3cc4c(cc3C1C2)OCO4
260,COc1ccc2c(c1OC)CN1CCc3cc4c(cc3C1C2)OCO4
261,COc1ccc2c(c1OC)CN1CCc3cc4c(cc3C1C2)OCO4
262,COc1ccc2c(c1OC)CN1CCc3cc4c(cc3C1C2)OCO4
263,COc1ccc2c(c1OC)CN1CCc3cc4c(cc3C1C2)OCO4
264,COc1ccc2c(c1OC)CN1CCc3cc4c(cc3C1C2)OCO4
265,COc1ccc2c(c1OC)CN1CCc3cc4c(cc3C1C2)OCO4
266,COc1ccc2c(c1OC)CN1CCc3cc4c(cc3C1C2)OCO4
267,COc1ccc2c(c1OC)CN1CCc3cc4c(cc3C1C2)OCO4
268,COc1ccc2c(c1OC)CN1CCc3cc4c(cc3C1C2)OCO4
269,COc1ccc2c(c1OC)CN1CCc3cc4c(cc3C1C2)OCO4
270,COc1ccc2c(c1OC)CN1CCc3cc4c(cc3C1C2)OCO4
271,COc1ccc2c(c1OC)CN1CCc3cc4c(cc3C1C2)OCO4
272,COc1ccc2c(c1OC)CN1CCc3cc4c(cc3C1C2)OCO4
273,COc1ccc2c(c1OC)CN1CCc3cc4c(cc3C1C2)OCO4
274,COc1ccc2c(c1OC)CN1CCc3cc4c(cc3C1C2)OCO4
275,COc1ccc2c(c1OC)CN1CCc3cc4c(cc3C1C2)OCO4
276,COc1ccc2c(c1OC)CN1CCc3cc4c(cc3C1C2)OCO4
277,COc1ccc2c(c1OC)CN1CCc3cc4c(cc3C1C2)OCO4
278,COc1ccc2c(c1OC)CN1CCc3cc4c(cc3C1C2)OCO4
279,COc1ccc2c(c1OC)CN1CCc3cc4c(cc3C1C2)OCO4
280,COc1ccc2c(c1OC)CN1CCc3cc4c(cc3C1C2)OCO4
281,COc1ccc2c(c1OC)CN1CCc3cc4c(cc3C1C2)OCO4
282,COc1ccc2c(c1OC)CN1CCc3cc4c(cc3C1C2)OCO4
283,COc1ccc2c(c1OC)CN1CCc3cc4c(cc3C1C2)OCO4
284,COc1ccc2c(c1OC)CN1CCc3cc4c(cc3C1C2)OCO4
285,COc1ccc2c(c1OC)CN1CCc3cc4c(cc3C1C2)OCO4
286,COc1ccc2c(c1OC)CN1CCc3cc4c(cc3C1C2)OCO4
287,COc1ccc2c(c1OC)CN1CCc3cc4c(cc3C1C2)OCO4
288,COc1ccc2c(c1OC)CN1CCc3cc4c(cc3C1C2)OCO4
289,COc1ccc2c(c1OC)CN1CCc3cc4c(cc3C1C2)OCO4
290,COc1ccc2c(c1OC)CN1CCc3cc4c(cc3C1C2)OCO4
291,COc1ccc2c(c1OC)CN1CCc3cc4c(cc3C1C2)OCO4
292,COc1ccc2c(c1OC)CN1CCc3cc4c(cc3C1C2)OCO4
293,COc1ccc2c(c1OC)CN1CCc3cc4c(cc3C1C2)OCO4
294,COc1ccc2c(c1OC)CN1CCc3cc4c(cc3C1C2)OCO4
295,COc1ccc2c(c1OC)CN1CCc3cc4c(cc3C1C2)OCO4
296,COc1ccc2c(c1OC)CN1CCc3cc4c(cc3C1C2)OCO4
297,COc1ccc2c(c1OC)CN1CCc3cc4c(cc3C1C2)OCO4
298,COc1ccc2c(c1OC)CN1CCc3cc4c(cc3C1C2)OCO4
299,COc1ccc2c(c1OC)CN1CCc3cc4c(cc3C1C2)OCO4
300,COc1ccc2c(c1OC)CN1CCc3cc4c(cc3C1C2)OCO4
301,COc1ccc2c(c1OC)CN1CCc3cc4c(cc3C1C2)OCO4
302,COc1ccc2c(c1OC)CN1CCc3cc4c(cc3C1C2)OCO4
303,COc1ccc2c(c1OC)CN1CCc3cc4c(cc3C1C2)OCO4
304,COc1ccc2c(c1OC)CN1CCc3cc4c(cc3C1C2)OCO4
305,COc1ccc2c(c1OC)CN1CCc3cc4c(cc3C1C2)OCO4
306,COc1ccc2c(c1OC)CN1CCc3cc4c(cc3C1C2)OCO4
307,COc1ccc2c(c1OC)CN1CCc3cc4c(cc3C1C2)OCO4
308,COc1ccc2c(c1OC)CN1CCc3cc4c(cc3C1C2)OCO4
309,COc1ccc2c(c1OC)CN1CCc3cc4c(cc3C1C2)OCO4
310,COc1ccc2c(c1OC)CN1CCc3cc4c(cc3C1C2)OCO4
311,COc1ccc2c(c1OC)CN1CCc3cc4c(cc3C1C2)OCO4
312,COc1ccc2c(c1OC)CN1CCc3cc4c(cc3C1C2)OCO4
313,COc1ccc2c(c1OC)CN1CCc3cc4c(cc3C1C2)OCO4
314,COc1ccc2c(c1OC)CN1CCc3cc4c(cc3C1C2)OCO4
315,COc1ccc2c(c1OC)CN1CCc3cc4c(cc3C1C2)OCO4
316,COc1ccc2c(c1OC)CN1CCc3cc4c(cc3C1C2)OCO4
317,COc1ccc2c(c1OC)CN1CCc3cc4c(cc3C1C2)OCO4
318,COc1ccc2c(c1OC)CN1CCc3cc4c(cc3C1C2)OCO4
319,COc1ccc2c(c1OC)CN1CCc3cc4c(cc3C1C2)OCO4
320,COc1ccc2c(c1OC)CN1CCc3cc4c(cc3C1C2)OCO4
321,COc1ccc2c(c1OC)CN1CCc3cc4c(cc3C1C2)OCO4
322,COc1ccc2c(c1OC)CN1CCc3cc4c(cc3C1C2)OCO4
323,COc1ccc2c(c1OC)CN1CCc3cc4c(cc3C1C2)OCO4
324,COc1ccc2c(c1OC)CN1CCc3cc4c(cc3C1C2)OCO4
325,COc1ccc2c(c1OC)CN1CCc3cc4c(cc3C1C2)OCO4
326,COc1ccc2c(c1OC)CN1CCc3cc4c(cc3C1C2)OCO4
327,COc1ccc2c(c1OC)CN1CCc3cc4c(cc3C1C2)OCO4
328,COc1ccc2c(c1OC)CN1CCc3cc4c(cc3C1C2)OCO4
329,COc1ccc2c(c1OC)CN1CCc3cc4c(cc3C1C2)OCO4
330,COc1ccc2c(c1OC)CN1CCc3cc4c(cc3C1C2)OCO4
331,COc1ccc2c(c1OC)CN1CCc3cc4c(cc3C1C2)OCO4
332,COc1ccc2c(c1OC)CN1CCc3cc4c(cc3C1C2)OCO4
333,COc1ccc2c(c1OC)CN1CCc3cc4c(cc3C1C2)OCO4
334,COc1ccc2c(c1OC)CN1CCc3cc4c(cc3C1C2)OCO4
335,COc1ccc2c(c1OC)CN1CCc3cc4c(cc3C1C2)OCO4
336,COc1ccc2c(c1OC)CN1CCc3cc4c(cc3C1C2)OCO4
337,COc1ccc2c(c1OC)CN1CCc3cc4c(cc3C1C2)OCO4
338,COc1ccc2c(c1OC)CN1CCc3cc4c(cc3C1C2)OCO4
339,COc1ccc2c(c1OC)CN1CCc3cc4c(cc3C1C2)OCO4
340,COc1ccc2c(c1OC)CN1CCc3cc4c(cc3C1C2)OCO4
341,COc1ccc2c(c1OC)CN1CCc3cc4c(cc3C1C2)OCO4
342,COc1ccc2c(c1OC)CN1CCc3cc4c(cc3C1C2)OCO4
343,COc1ccc2c(c1OC)CN1CCc3cc4c(cc3C1C2)OCO4
344,COc1ccc2c(c1OC)CN1CCc3cc4c(cc3C1C2)OCO4
345,COc1ccc2c(c1OC)CN1CCc3cc4c(cc3C1C2)OCO4
346,COc1ccc2c(c1OC)CN1CCc3cc4c(cc3C1C2)OCO4
347,COc1ccc2c(c1OC)CN1CCc3cc4c(cc3C1C2)OCO4
348,COc1ccc2c(c1OC)CN1CCc3cc4c(cc3C1C2)OCO4
349,COc1ccc2c(c1OC)CN1CCc3cc4c(cc3C1C2)OCO4
350,COc1ccc2c(c1OC)CN1CCc3cc4c(cc3C1C2)OCO4
351,COc1ccc2c(c1OC)CN1CCc3cc4c(cc3C1C2)OCO4
352,COc1ccc2c(c1OC)CN1CCc3cc4c(cc3C1C2)OCO4
353,COc1ccc2c(c1OC)CN1CCc3cc4c(cc3C1C2)OCO4
354,COc1ccc2c(c1OC)CN1CCc3cc4c(cc3C1C2)OCO4
355,COc1ccc2c(c1OC)CN1CCc3cc4c(cc3C1C2)OCO4
356,COc1ccc2c(c1OC)CN1CCc3cc4c(cc3C1C2)OCO4
357,COc1ccc2c(c1OC)CN1CCc3cc4c(cc3C1C2)OCO4
358,COc1ccc2c(c1OC)CN1CCc3cc4c(cc3C1C2)OCO4
359,COc1ccc2c(c1OC)CN1CCc3cc4c(cc3C1C2)OCO4
360,COc1ccc2c(c1OC)CN1CCc3cc4c(cc3C1C2)OCO4
361,COc1ccc2c(c1OC)CN1CCc3cc4c(cc3C1C2)OCO4
362,COc1ccc2c(c1OC)CN1CCc3cc4c(cc3C1C2)OCO4
363,COc1ccc2c(c1OC)CN1CCc3cc4c(cc3C1C2)OCO4
364,COc1ccc2c(c1OC)CN1CCc3cc4c(cc3C1C2)OCO4
365,COc1ccc2c(c1OC)CN1CCc3cc4c(cc3C1C2)OCO4
366,COc1ccc2c(c1OC)CN1CCc3cc4c(cc3C1C2)OCO4
367,COc1ccc2c(c1OC)CN1CCc3cc4c(cc3C1C2)OCO4
368,COc1ccc2c(c1OC)CN1CCc3cc4c(cc3C1C2)OCO4
369,COc1ccc2c(c1OC)CN1CCc3cc4c(cc3C1C2)OCO4
370,COc1ccc2c(c1OC)CN1CCc3cc4c(cc3C1C2)OCO4
371,COc1ccc2c(c1OC)CN1CCc3cc4c(cc3C1C2)OCO4
372,COc1ccc2c(c1OC)CN1CCc3cc4c(cc3C1C2)OCO4
373,COc1ccc2c(c1OC)CN1CCc3cc4c(cc3C1C2)OCO4
374,COc1ccc2c(c1OC)CN1CCc3cc4c(cc3C1C2)OCO4
375,COc1ccc2c(c1OC)CN1CCc3cc4c(cc3C1C2)OCO4
376,COc1ccc2c(c1OC)CN1CCc3cc4c(cc3C1C2)OCO4
377,COc1ccc2c(c1OC)CN1CCc3cc4c(cc3C1C2)OCO4
378,COc1ccc2c(c1OC)CN1CCc3cc4c(cc3C1C2)OCO4
379,COc1ccc2c(c1OC)CN1CCc3cc4c(cc3C1C2)OCO4
380,COc1ccc2c(c1OC)CN1CCc3cc4c(cc3C1C2)OCO4
381,COc1ccc2c(c1OC)CN1CCc3cc4c(cc3C1C2)OCO4
382,COc1ccc2c(c1OC)CN1CCc3cc4c(cc3C1C2)OCO4
383,COc1ccc2c(c1OC)CN1CCc3cc4c(cc3C1C2)OCO4
384,COc1ccc2c(c1OC)CN1CCc3cc4c(cc3C1C2)OCO4
385,COc1ccc2c(c1OC)CN1CCc3cc4c(cc3C1C2)OCO4
386,COc1ccc2c(c1OC)CN1CCc3cc4c(cc3C1C2)OCO4
387,COc1ccc2c(c1OC)CN1CCc3cc4c(cc3C1C2)OCO4
388,COc1ccc2c(c1OC)CN1CCc3cc4c(cc3C1C2)OCO4
389,COc1ccc2c(c1OC)CN1CCc3cc4c(cc3C1C2)OCO4
390,COc1ccc2c(c1OC)CN1CCc3cc4c(cc3C1C2)OCO4
391,COc1ccc2c(c1OC)CN1CCc3cc4c(cc3C1C2)OCO4
392,COc1ccc2c(c1OC)CN1CCc3cc4c(cc3C1C2)OCO4
393,COc1ccc2c(c1OC)CN1CCc3cc4c(cc3C1C2)OCO4
394,COc1ccc2c(c1OC)CN1CCc3cc4c(cc3C1C2)OCO4
395,COc1ccc2c(c1OC)CN1CCc3cc4c(cc3C1C2)OCO4
396,COc1ccc2c(c1OC)CN1CCc3cc4c(cc3C1C2)OCO4
397,COc1ccc2c(c1OC)CN1CCc3cc4c(cc3C1C2)OCO4
398,COc1ccc2c(c1OC)CN1CCc3cc4c(cc3C1C2)OCO4
399,COc1ccc2c(c1OC)CN1CCc3cc4c(cc3C1C2)OCO4
400,COc1ccc2c(c1OC)CN1CCc3cc4c(cc3C1C2)OCO4
401,COc1ccc2c(c1OC)CN1CCc3cc4c(cc3C1C2)OCO4
402,COc1ccc2c(c1OC)CN1CCc3cc4c(cc3C1C2)OCO4
403,COc1ccc2c(c1OC)CN1CCc3cc4c(cc3C1C2)OCO4
404,COc1ccc2c(c1OC)CN1CCc3cc4c(cc3C1C2)OCO4
405,COc1ccc2c(c1OC)CN1CCc3cc4c(cc3C1C2)OCO4
406,COc1ccc2c(c1OC)CN1CCc3cc4c(cc3C1C2)OCO4
407,COc1ccc2c(c1OC)CN1CCc3cc4c(cc3C1C2)OCO4
408,COc1ccc2c(c1OC)CN1CCc3cc4c(cc3C1C2)OCO4
409,COc1ccc2c(c1OC)CN1CCc3cc4c(cc3C1C2)OCO4
410,COc1ccc2c(c1OC)CN1CCc3cc4c(cc3C1C2)OCO4
411,COc1ccc2c(c1OC)CN1CCc3cc4c(cc3C1C2)OCO4
412,COc1ccc2c(c1OC)CN1CCc3cc4c(cc3C1C2)OCO4
413,COc1ccc2c(c1OC)CN1CCc3cc4c(cc3C1C2)OCO4
414,COc1ccc2c(c1OC)CN1CCc3cc4c(cc3C1C2)OCO4
415,COc1ccc2c(c1OC)CN1CCc3cc4c(cc3C1C2)OCO4
416,COc1ccc2c(c1OC)CN1CCc3cc4c(cc3C1C2)OCO4
417,COc1ccc2c(c1OC)CN1CCc3cc4c(cc3C1C2)OCO4
418,COc1ccc2c(c1OC)CN1CCc3cc4c(cc3C1C2)OCO4
419,COc1ccc2c(c1OC)CN1CCc3cc4c(cc3C1C2)OCO4
420,COc1ccc2c(c1OC)CN1CCc3cc4c(cc3C1C2)OCO4
421,COc1ccc2c(c1OC)CN1CCc3cc4c(cc3C1C2)OCO4
422,COc1ccc2c(c1OC)CN1CCc3cc4c(cc3C1C2)OCO4
423,COc1ccc2c(c1OC)CN1CCc3cc4c(cc3C1C2)OCO4
424,COc1ccc2c(c1OC)CN1CCc3cc4c(cc3C1C2)OCO4
425,COc1ccc2c(c1OC)CN1CCc3cc4c(cc3C1C2)OCO4
426,COc1ccc2c(c1OC)CN1CCc3cc4c(cc3C1C2)OCO4
427,COc1ccc2c(c1OC)CN1CCc3cc4c(cc3C1C2)OCO4
428,COc1ccc2c(c1OC)CN1CCc3cc4c(cc3C1C2)OCO4
429,COc1ccc2c(c1OC)CN1CCc3cc4c(cc3C1C2)OCO4
430,COc1ccc2c(c1OC)CN1CCc3cc4c(cc3C1C2)OCO4
431,COc1ccc2c(c1OC)CN1CCc3cc4c(cc3C1C2)OCO4
432,COc1ccc2c(c1OC)CN1CCc3cc4c(cc3C1C2)OCO4
433,COc1ccc2c(c1OC)CN1CCc3cc4c(cc3C1C2)OCO4
434,COc1ccc2c(c1OC)CN1CCc3cc4c(cc3C1C2)OCO4
435,COc1ccc2c(c1OC)CN1CCc3cc4c(cc3C1C2)OCO4
436,COc1ccc2c(c1OC)CN1CCc3cc4c(cc3C1C2)OCO4
437,COc1ccc2c(c1OC)CN1CCc3cc4c(cc3C1C2)OCO4
438,COc1ccc2c(c1OC)CN1CCc3cc4c(cc3C1C2)OCO4
439,COc1ccc2c(c1OC)CN1CCc3cc4c(cc3C1C2)OCO4
440,COc1ccc2c(c1OC)CN1CCc3cc4c(cc3C1C2)OCO4
441,COc1ccc2c(c1OC)CN1CCc3cc4c(cc3C1C2)OCO4
442,COc1ccc2c(c1OC)CN1CCc3cc4c(cc3C1C2)OCO4
443,COc1ccc2c(c1OC)CN1CCc3cc4c(cc3C1C2)OCO4
444,COc1ccc2c(c1OC)CN1CCc3cc4c(cc3C1C2)OCO4
445,COc1ccc2c(c1OC)CN1CCc3cc4c(cc3C1C2)OCO4
446,COc1ccc2c(c1OC)CN1CCc3cc4c(cc3C1C2)OCO4
447,COc1ccc2c(c1OC)CN1CCc3cc4c(cc3C1C2)OCO4
448,COc1ccc2c(c1OC)CN1CCc3cc4c(cc3C1C2)OCO4
449,COc1ccc2c(c1OC)CN1CCc3cc4c(cc3C1C2)OCO4
450,COc1ccc2c(c1OC)CN1CCc3cc4c(cc3C1C2)OCO4
451,COc1ccc2c(c1OC)CN1CCc3cc4c(cc3C1C2)OCO4
452,COc1ccc2c(c1OC)CN1CCc3cc4c(cc3C1C2)OCO4
453,COc1ccc2c(c1OC)CN1CCc3cc4c(cc3C1C2)OCO4
454,COc1ccc2c(c1OC)CN1CCc3cc4c(cc3C1C2)OCO4
455,COc1ccc2c(c1OC)CN1CCc3cc4c(cc3C1C2)OCO4
456,COc1ccc2c(c1OC)CN1CCc3cc4c(cc3C1C2)OCO4
457,COc1ccc2c(c1OC)CN1CCc3cc4c(cc3C1C2)OCO4
458,COc1ccc2c(c1OC)CN1CCc3cc4c(cc3C1C2)OCO4
459,COc1ccc2c(c1OC)CN1CCc3cc4c(cc3C1C2)OCO4
460,COc1ccc2c(c1OC)CN1CCc3cc4c(cc3C1C2)OCO4
461,COc1ccc2c(c1OC)CN1CCc3cc4c(cc3C1C2)OCO4
462,COc1ccc2c(c1OC)CN1CCc3cc4c(cc3C1C2)OCO4
463,COc1ccc2c(c1OC)CN1CCc3cc4c(cc3C1C2)OCO4
464,COc1ccc2c(c1OC)CN1CCc3cc4c(cc3C1C2)OCO4
465,COc1ccc2c(c1OC)CN1CCc3cc4c(cc3C1C2)OCO4
466,COc1ccc2c(c1OC)CN1CCc3cc4c(cc3C1C2)OCO4
467,COc1ccc2c(c1OC)CN1CCc3cc4c(cc3C1C2)OCO4
468,COc1ccc2c(c1OC)CN1CCc3cc4c(cc3C1C2)OCO4
469,COc1ccc2c(c1OC)CN1CCc3cc4c(cc3C1C2)OCO4
470,COc1ccc2c(c1OC)CN1CCc3cc4c(cc3C1C2)OCO4
471,COc1ccc2c(c1OC)CN1CCc3cc4c(cc3C1C2)OCO4
472,COc1ccc2c(c1OC)CN1CCc3cc4c(cc3C1C2)OCO4
473,COc1ccc2c(c1OC)CN1CCc3cc4c(cc3C1C2)OCO4
474,COc1ccc2c(c1OC)CN1CCc3cc4c(cc3C1C2)OCO4
475,COc1ccc2c(c1OC)CN1CCc3cc4c(cc3C1C2)OCO4
476,COc1ccc2c(c1OC)CN1CCc3cc4c(cc3C1C2)OCO4
477,COc1ccc2c(c1OC)CN1CCc3cc4c(cc3C1C2)OCO4
478,COc1ccc2c(c1OC)CN1CCc3cc4c(cc3C1C2)OCO4
479,COc1ccc2c(c1OC)CN1CCc3cc4c(cc3C1C2)OCO4
480,COc1ccc2c(c1OC)CN1CCc3cc4c(cc3C1C2)OCO4
481,COc1ccc2c(c1OC)CN1CCc3cc4c(cc3C1C2)OCO4
482,COc1ccc2c(c1OC)CN1CCc3cc4c(cc3C1C2)OCO4
483,COc1ccc2c(c1OC)CN1CCc3cc4c(cc3C1C2)OCO4
484,COc1ccc2c(c1OC)CN1CCc3cc4c(cc3C1C2)OCO4
485,COc1ccc2c(c1OC)CN1CCc3cc4c(cc3C1C2)OCO4
486,COc1ccc2c(c1OC)CN1CCc3cc4c(cc3C1C2)OCO4
487,COc1ccc2c(c1OC)CN1CCc3cc4c(cc3C1C2)OCO4
488,COc1ccc2c(c1OC)CN1CCc3cc4c(cc3C1C2)OCO4
489,COc1ccc2c(c1OC)CN1CCc3cc4c(cc3C1C2)OCO4
490,COc1ccc2c(c1OC)CN1CCc3cc4c(cc3C1C2)OCO4
491,COc1ccc2c(c1OC)CN1CCc3cc4c(cc3C1C2)OCO4
492,COc1ccc2c(c1OC)CN1CCc3cc4c(cc3C1C2)OCO4
493,COc1ccc2c(c1OC)CN1CCc3cc4c(cc3C1C2)OCO4
494,COc1ccc2c(c1OC)CN1CCc3cc4c(cc3C1C2)OCO4
495,COc1ccc2c(c1OC)CN1CCc3cc4c(cc3C1C2)OCO4
496,COc1ccc2c(c1OC)CN1CCc3cc4c(cc3C1C2)OCO4
497,COc1ccc2c(c1OC)CN1CCc3cc4c(cc3C1C2)OCO4
498,COc1ccc2c(c1OC)CN1CCc3cc4c(cc3C1C2)OCO4
499,COc1ccc2c(c1OC)CN1CCc3cc4c(cc3C1C2)OCO4
500,COc1ccc2c(c1OC)CN1CCc3cc4c(cc3C1C2)OCO4
501,COc1ccc2c(c1OC)CN1CCc3cc4c(cc3C1C2)OCO4
502,COc1ccc2c(c1OC)CN1CCc3cc4c(cc3C1C2)OCO4
503,COc1ccc2c(c1OC)CN1CCc3cc4c(cc3C1C2)OCO4
504,COc1ccc2c(c1OC)CN1CCc3cc4c(cc3C1C2)OCO4
505,COc1ccc2c(c1OC)CN1CCc3cc4c(cc3C1C2)OCO4
506,COc1ccc2c(c1OC)CN1CCc3cc4c(cc3C1C2)OCO4
507,COc1ccc2c(c1OC)CN1CCc3cc4c(cc3C1C2)OCO4
508,COc1ccc2c(c1OC)CN1CCc3cc4c(cc3C1C2)OCO4
509,COc1ccc2c(c1OC)CN1CCc3cc4c(cc3C1C2)OCO4
510,COc1ccc2c(c1OC)CN1CCc3cc4c(cc3C1C2)OCO4
511,COc1ccc2c(c1OC)CN1CCc3cc4c(cc3C1C2)OCO4
512,COc1ccc2c(c1OC)CN1CCc3cc4c(cc3C1C2)OCO4
513,COc1ccc2c(c1OC)CN1CCc3cc4c(cc3C1C2)OCO4
514,COc1ccc2c(c1OC)CN1CCc3cc4c(cc3C1C2)OCO4
515,COc1ccc2c(c1OC)CN1CCc3cc4c(cc3C1C2)OCO4
516,COc1ccc2c(c1OC)CN1CCc3cc4c(cc3C1C2)OCO4
517,COc1ccc2c(c1OC)CN1CCc3cc4c(cc3C1C2)OCO4
518,COc1ccc2c(c1OC)CN1CCc3cc4c(cc3C1C2)OCO4
519,COc1ccc2c(c1OC)CN1CCc3cc4c(cc3C1C2)OCO4
520,COc1ccc2c(c1OC)CN1CCc3cc4c(cc3C1C2)OCO4
521,COc1ccc2c(c1OC)CN1CCc3cc4c(cc3C1C2)OCO4
522,COc1ccc2c(c1OC)CN1CCc3cc4c(cc3C1C2)OCO4
523,COc1ccc2c(c1OC)CN1CCc3cc4c(cc3C1C2)OCO4
524,COc1ccc2c(c1OC)CN1CCc3cc4c(cc3C1C2)OCO4
525,COc1ccc2c(c1OC)CN1CCc3cc4c(cc3C1C2)OCO4
526,COc1ccc2c(c1OC)CN1CCc3cc4c(cc3C1C2)OCO4
527,COc1ccc2c(c1OC)CN1CCc3cc4c(cc3C1C2)OCO4
528,COc1ccc2c(c1OC)CN1CCc3cc4c(cc3C1C2)OCO4
529,COc1ccc2c(c1OC)CN1CCc3cc4c(cc3C1C2)OCO4
530,COc1ccc2c(c1OC)CN1CCc3cc4c(cc3C1C2)OCO4
531,COc1ccc2c(c1OC)CN1CCc3cc4c(cc3C1C2)OCO4
532,COc1ccc2c(c1OC)CN1CCc3cc4c(cc3C1C2)OCO4
533,COc1ccc2c(c1OC)CN1CCc3cc4c(cc3C1C2)OCO4
534,COc1ccc2c(c1OC)CN1CCc3cc4c(cc3C1C2)OCO4
535,COc1ccc2c(c1OC)CN1CCc3cc4c(cc3C1C2)OCO4
536,COc1ccc2c(c1OC)CN1CCc3cc4c(cc3C1C2)OCO4
537,COc1ccc2c(c1OC)CN1CCc3cc4c(cc3C1C2)OCO4
538,COc1ccc2c(c1OC)CN1CCc3cc4c(cc3C1C2)OCO4
539,COc1ccc2c(c1OC)CN1CCc3cc4c(cc3C1C2)OCO4
540,COc1ccc2c(c1OC)CN1CCc3cc4c(cc3C1C2)OCO4
541,COc1ccc2c(c1OC)CN1CCc3cc4c(cc3C1C2)OCO4
542,COc1ccc2c(c1OC)CN1CCc3cc4c(cc3C1C2)OCO4
543,COc1ccc2c(c1OC)CN1CCc3cc4c(cc3C1C2)OCO4
544,COc1ccc2c(c1OC)CN1CCc3cc4c(cc3C1C2)OCO4
545,COc1ccc2c(c1OC)CN1CCc3cc4c(cc3C1C2)OCO4
546,COc1ccc2c(c1OC)CN1CCc3cc4c(cc3C1C2)OCO4
547,COc1ccc2c(c1OC)CN1CCc3cc4c(cc3C1C2)OCO4
548,COc1ccc2c(c1OC)CN1CCc3cc4c(cc3C1C2)OCO4
549,COc1ccc2c(c1OC)CN1CCc3cc4c(cc3C1C2)OCO4
550,COc1ccc2c(c1OC)CN1CCc3cc4c(cc3C1C2)OCO4
551,COc1ccc2c(c1OC)CN1CCc3cc4c(cc3C1C2)OCO4
552,COc1ccc2c(c1OC)CN1CCc3cc4c(cc3C1C2)OCO4
553,COc1ccc2c(c1OC)CN1CCc3cc4c(cc3C1C2)OCO4
554,COc1ccc2c(c1OC)CN1CCc3cc4c(cc3C1C2)OCO4
555,COc1ccc2c(c1OC)CN1CCc3cc4c(cc3C1C2)OCO4
556,COc1ccc2c(c1OC)CN1CCc3cc4c(cc3C1C2)OCO4
557,COc1ccc2c(c1OC)CN1CCc3cc4c(cc3C1C2)OCO4
558,COc1ccc2c(c1OC)CN1CCc3cc4c(cc3C1C2)OCO4
559,COc1ccc2c(c1OC)CN1CCc3cc4c(cc3C1C2)OCO4
560,COc1ccc2c(c1OC)CN1CCc3cc4c(cc3C1C2)OCO4
561,COc1ccc2c(c1OC)CN1CCc3cc4c(cc3C1C2)OCO4
562,COc1ccc2c(c1OC)CN1CCc3cc4c(cc3C1C2)OCO4
563,COc1ccc2c(c1OC)CN1CCc3cc4c(cc3C1C2)OCO4
564,COc1ccc2c(c1OC)CN1CCc3cc4c(cc3C1C2)OCO4
565,COc1ccc2c(c1OC)CN1CCc3cc4c(cc3C1C2)OCO4
566,COc1ccc2c(c1OC)CN1CCc3cc4c(cc3C1C2)OCO4
567,COc1ccc2c(c1OC)CN1CCc3cc4c(cc3C1C2)OCO4
568,COc1ccc2c(c1OC)CN1CCc3cc4c(cc3C1C2)OCO4
569,COc1ccc2c(c1OC)CN1CCc3cc4c(cc3C1C2)OCO4
570,COc1ccc2c(c1OC)CN1CCc3cc4c(cc3C1C2)OCO4
571,COc1ccc2c(c1OC)CN1CCc3cc4c(cc3C1C2)OCO4
572,COc1ccc2c(c1OC)CN1CCc3cc4c(cc3C1C2)OCO4
573,COc1ccc2c(c1OC)CN1CCc3cc4c(cc3C1C2)OCO4
574,COc1ccc2c(c1OC)CN1CCc3cc4c(cc3C1C2)OCO4
575,COc1ccc2c(c1OC)CN1CCc3cc4c(cc3C1C2)OCO4
576,COc1ccc2c(c1OC)CN1CCc3cc4c(cc3C1C2)OCO4
577,COc1ccc2c(c1OC)CN1CCc3cc4c(cc3C1C2)OCO4
578,COc1ccc2c(c1OC)CN1CCc3cc4c(cc3C1C2)OCO4
579,COc1ccc2c(c1OC)CN1CCc3cc4c(cc3C1C2)OCO4
580,COc1ccc2c(c1OC)CN1CCc3cc4c(cc3C1C2)OCO4
581,COc1ccc2c(c1OC)CN1CCc3cc4c(cc3C1C2)OCO4
582,COc1ccc2c(c1OC)CN1CCc3cc4c(cc3C1C2)OCO4
583,COc1ccc2c(c1OC)CN1CCc3cc4c(cc3C1C2)OCO4
584,COc1ccc2c(c1OC)CN1CCc3cc4c(cc3C1C2)OCO4
585,COc1ccc2c(c1OC)CN1CCc3cc4c(cc3C1C2)OCO4
586,COc1ccc2c(c1OC)CN1CCc3cc4c(cc3C1C2)OCO4
587,COc1ccc2c(c1OC)CN1CCc3cc4c(cc3C1C2)OCO4
588,COc1ccc2c(c1OC)CN1CCc3cc4c(cc3C1C2)OCO4
589,COc1ccc2c(c1OC)CN1CCc3cc4c(cc3C1C2)OCO4
590,COc1ccc2c(c1OC)CN1CCc3cc4c(cc3C1C2)OCO4
591,COc1ccc2c(c1OC)CN1CCc3cc4c(cc3C1C2)OCO4
592,COc1ccc2c(c1OC)CN1CCc3cc4c(cc3C1C2)OCO4
593,COc1ccc2c(c1OC)CN1CCc3cc4c(cc3C1C2)OCO4
594,COc1ccc2c(c1OC)CN1CCc3cc4c(cc3C1C2)OCO4
595,COc1ccc2c(c1OC)CN1CCc3cc4c(cc3C1C2)OCO4
596,COc1ccc2c(c1OC)CN1CCc3cc4c(cc3C1C2)OCO4
597,COc1ccc2c(c1OC)CN1CCc3cc4c(cc3C1C2)OCO4
598,COc1ccc2c(c1OC)CN1CCc3cc4c(cc3C1C2)OCO4
599,COc1ccc2c(c1OC)CN1CCc3cc4c(cc3C1C2)OCO4
600,COc1ccc2c(c1OC)CN1CCc3cc4c(cc3C1C2)OCO4
601,COc1ccc2c(c1OC)CN1CCc3cc4c(cc3C1C2)OCO4
602,COc1ccc2c(c1OC)CN1CCc3cc4c(cc3C1C2)OCO4
603,COc1ccc2c(c1OC)CN1CCc3cc4c(cc3C1C2)OCO4
604,COc1ccc2c(c1OC)CN1CCc3cc4c(cc3C1C2)OCO4
605,COc1ccc2c(c1OC)CN1CCc3cc4c(cc3C1C2)OCO4
606,COc1ccc2c(c1OC)CN1CCc3cc4c(cc3C1C2)OCO4
607,COc1ccc2c(c1OC)CN1CCc3cc4c(cc3C1C2)OCO4
608,COc1ccc2c(c1OC)CN1CCc3cc4c(cc3C1C2)OCO4
609,COc1ccc2c(c1OC)CN1CCc3cc4c(cc3C1C2)OCO4
610,COc1ccc2c(c1OC)CN1CCc3cc4c(cc3C1C2)OCO4
611,COc1ccc2c(c1OC)CN1CCc3cc4c(cc3C1C2)OCO4
612,COc1ccc2c(c1OC)CN1CCc3cc4c(cc3C1C2)OCO4
613,COc1ccc2c(c1OC)CN1CCc3cc4c(cc3C1C2)OCO4
614,COc1ccc2c(c1OC)CN1CCc3cc4c(cc3C1C2)OCO4
615,COc1ccc2c(c1OC)CN1CCc3cc4c(cc3C1C2)OCO4
616,COc1ccc2c(c1OC)CN1CCc3cc4c(cc3C1C2)OCO4
617,COc1ccc2c(c1OC)CN1CCc3cc4c(cc3C1C2)OCO4
618,COc1ccc2c(c1OC)CN1CCc3cc4c(cc3C1C2)OCO4
619,COc1ccc2c(c1OC)CN1CCc3cc4c(cc3C1C2)OCO4
620,COc1ccc2c(c1OC)CN1CCc3cc4c(cc3C1C2)OCO4
621,COc1ccc2c(c1OC)CN1CCc3cc4c(cc3C1C2)OCO4
622,COc1ccc2c(c1OC)CN1CCc3cc4c(cc3C1C2)OCO4
623,COc1ccc2c(c1OC)CN1CCc3cc4c(cc3C1C2)OCO4
624,COc1ccc2c(c1OC)CN1CCc3cc4c(cc3C1C2)OCO4
625,COc1ccc2c(c1OC)CN1CCc3cc4c(cc3C1C2)OCO4
626,COc1ccc2c(c1OC)CN1CCc3cc4c(cc3C1C2)OCO4
627,COc1ccc2c(c1OC)CN1CCc3cc4c(cc3C1C2)OCO4
628,COc1ccc2c(c1OC)CN1CCc3cc4c(cc3C1C2)OCO4
629,COc1ccc2c(c1OC)CN1CCc3cc4c(cc3C1C2)OCO4
630,COc1ccc2c(c1OC)CN1CCc3cc4c(cc3C1C2)OCO4
631,COc1ccc2c(c1OC)CN1CCc3cc4c(cc3C1C2)OCO4
632,COc1ccc2c(c1OC)CN1CCc3cc4c(cc3C1C2)OCO4
633,COc1ccc2c(c1OC)CN1CCc3cc4c(cc3C1C2)OCO4
634,COc1ccc2c(c1OC)CN1CCc3cc4c(cc3C1C2)OCO4
635,COc1ccc2c(c1OC)CN1CCc3cc4c(cc3C1C2)OCO4
636,COc1ccc2c(c1OC)CN1CCc3cc4c(cc3C1C2)OCO4
637,COc1ccc2c(c1OC)CN1CCc3cc4c(cc3C1C2)OCO4
638,COc1ccc2c(c1OC)CN1CCc3cc4c(cc3C1C2)OCO4
639,COc1ccc2c(c1OC)CN1CCc3cc4c(cc3C1C2)OCO4
640,COc1ccc2c(c1OC)CN1CCc3cc4c(cc3C1C2)OCO4
641,COc1ccc2c(c1OC)CN1CCc3cc4c(cc3C1C2)OCO4
642,COc1ccc2c(c1OC)CN1CCc3cc4c(cc3C1C2)OCO4
643,COc1ccc2c(c1OC)CN1CCc3cc4c(cc3C1C2)OCO4
644,COc1ccc2c(c1OC)CN1CCc3cc4c(cc3C1C2)OCO4
645,COc1ccc2c(c1OC)CN1CCc3cc4c(cc3C1C2)OCO4
646,COc1ccc2c(c1OC)CN1CCc3cc4c(cc3C1C2)OCO4
647,COc1ccc2c(c1OC)CN1CCc3cc4c(cc3C1C2)OCO4
648,COc1ccc2c(c1OC)CN1CCc3cc4c(cc3C1C2)OCO4
649,COc1ccc2c(c1OC)CN1CCc3cc4c(cc3C1C2)OCO4
650,COc1ccc2c(c1OC)CN1CCc3cc4c(cc3C1C2)OCO4
651,COc1ccc2c(c1OC)CN1CCc3cc4c(cc3C1C2)OCO4
652,COc1ccc2c(c1OC)CN1CCc3cc4c(cc3C1C2)OCO4
653,COc1ccc2c(c1OC)CN1CCc3cc4c(cc3C1C2)OCO4
654,COc1ccc2c(c1OC)CN1CCc3cc4c(cc3C1C2)OCO4
655,COc1ccc2c(c1OC)CN1CCc3cc4c(cc3C1C2)OCO4
656,COc1ccc2c(c1OC)CN1CCc3cc4c(cc3C1C2)OCO4
657,COc1ccc2c(c1OC)CN1CCc3cc4c(cc3C1C2)OCO4
658,COc1ccc2c(c1OC)CN1CCc3cc4c(cc3C1C2)OCO4
659,COc1ccc2c(c1OC)CN1CCc3cc4c(cc3C1C2)OCO4
660,COc1ccc2c(c1OC)CN1CCc3cc4c(cc3C1C2)OCO4
661,COc1ccc2c(c1OC)CN1CCc3cc4c(cc3C1C2)OCO4
662,COc1ccc2c(c1OC)CN1CCc3cc4c(cc3C1C2)OCO4
663,COc1ccc2c(c1OC)CN1CCc3cc4c(cc3C1C2)OCO4
664,COc1ccc2c(c1OC)CN1CCc3cc4c(cc3C1C2)OCO4
665,COc1ccc2c(c1OC)CN1CCc3cc4c(cc3C1C2)OCO4
666,COc1ccc2c(c1OC)CN1CCc3cc4c(cc3C1C2)OCO4
667,COc1ccc2c(c1OC)CN1CCc3cc4c(cc3C1C2)OCO4
668,COc1ccc2c(c1OC)CN1CCc3cc4c(cc3C1C2)OCO4
669,COc1ccc2c(c1OC)CN1CCc3cc4c(cc3C1C2)OCO4
670,COc1ccc2c(c1OC)CN1CCc3cc4c(cc3C1C2)OCO4
671,COc1ccc2c(c1OC)CN1CCc3cc4c(cc3C1C2)OCO4
672,COc1ccc2c(c1OC)CN1CCc3cc4c(cc3C1C2)OCO4
673,COc1ccc2c(c1OC)CN1CCc3cc4c(cc3C1C2)OCO4
674,COc1ccc2c(c1OC)CN1CCc3cc4c(cc3C1C2)OCO4
675,COc1ccc2c(c1OC)CN1CCc3cc4c(cc3C1C2)OCO4
676,COc1ccc2c(c1OC)CN1CCc3cc4c(cc3C1C2)OCO4
677,COc1ccc2c(c1OC)CN1CCc3cc4c(cc3C1C2)OCO4
678,COc1ccc2c(c1OC)CN1CCc3cc4c(cc3C1C2)OCO4
679,COc1ccc2c(c1OC)CN1CCc3cc4c(cc3C1C2)OCO4
680,COc1ccc2c(c1OC)CN1CCc3cc4c(cc3C1C2)OCO4
681,COc1ccc2c(c1OC)CN1CCc3cc4c(cc3C1C2)OCO4
682,COc1ccc2c(c1OC)CN1CCc3cc4c(cc3C1C2)OCO4
683,COc1ccc2c(c1OC)CN1CCc3cc4c(cc3C1C2)OCO4
684,COc1ccc2c(c1OC)CN1CCc3cc4c(cc3C1C2)OCO4
685,COc1ccc2c(c1OC)CN1CCc3cc4c(cc3C1C2)OCO4
686,COc1ccc2c(c1OC)CN1CCc3cc4c(cc3C1C2)OCO4
687,COc1ccc2c(c1OC)CN1CCc3cc4c(cc3C1C2)OCO4
688,COc1ccc2c(c1OC)CN1CCc3cc4c(cc3C1C2)OCO4
689,COc1ccc2c(c1OC)CN1CCc3cc4c(cc3C1C2)OCO4
690,COc1ccc2c(c1OC)CN1CCc3cc4c(cc3C1C2)OCO4
691,COc1ccc2c(c1OC)CN1CCc3cc4c(cc3C1C2)OCO4
692,COc1ccc2c(c1OC)CN1CCc3cc4c(cc3C1C2)OCO4
693,COc1ccc2c(c1OC)CN1CCc3cc4c(cc3C1C2)OCO4
694,COc1ccc2c(c1OC)CN1CCc3cc4c(cc3C1C2)OCO4
695,COc1ccc2c(c1OC)CN1CCc3cc4c(cc3C1C2)OCO4
696,COc1ccc2c(c1OC)CN1CCc3cc4c(cc3C1C2)OCO4
697,COc1ccc2c(c1OC)CN1CCc3cc4c(cc3C1C2)OCO4
698,COc1ccc2c(c1OC)CN1CCc3cc4c(cc3C1C2)OCO4
699,COc1ccc2c(c1OC)CN1CCc3cc4c(cc3C1C2)OCO4
700,COc1ccc2c(c1OC)CN1CCc3cc4c(cc3C1C2)OCO4
701,COc1ccc2c(c1OC)CN1CCc3cc4c(cc3C1C2)OCO4
702,COc1ccc2c(c1OC)CN1CCc3cc4c(cc3C1C2)OCO4
703,COc1ccc2c(c1OC)CN1CCc3cc4c(cc3C1C2)OCO4
704,COc1ccc2c(c1OC)CN1CCc3cc4c(cc3C1C2)OCO4
705,COc1ccc2c(c1OC)CN1CCc3cc4c(cc3C1C2)OCO4
706,COc1ccc2c(c1OC)CN1CCc3cc4c(cc3C1C2)OCO4
707,COc1ccc2c(c1OC)CN1CCc3cc4c(cc3C1C2)OCO4
708,COc1ccc2c(c1OC)CN1CCc3cc4c(cc3C1C2)OCO4
709,COc1ccc2c(c1OC)CN1CCc3cc4c(cc3C1C2)OCO4
710,COc1ccc2c(c1OC)CN1CCc3cc4c(cc3C1C2)OCO4
711,COc1ccc2c(c1OC)CN1CCc3cc4c(cc3C1C2)OCO4
712,COc1ccc2c(c1OC)CN1CCc3cc4c(cc3C1C2)OCO4
713,COc1ccc2c(c1OC)CN1CCc3cc4c(cc3C1C2)OCO4
714,COc1ccc2c(c1OC)CN1CCc3cc4c(cc3C1C2)OCO4
715,COc1ccc2c(c1OC)CN1CCc3cc4c(cc3C1C2)OCO4
716,COc1ccc2c(c1OC)CN1CCc3cc4c(cc3C1C2)OCO4
717,COc1ccc2c(c1OC)CN1CCc3cc4c(cc3C1C2)OCO4
718,COc1ccc2c(c1OC)CN1CCc3cc4c(cc3C1C2)OCO4
719,COc1ccc2c(c1OC)CN1CCc3cc4c(cc3C1C2)OCO4
720,COc1ccc2c(c1OC)CN1CCc3cc4c(cc3C1C2)OCO4
721,COc1ccc2c(c1OC)CN1CCc3cc4c(cc3C1C2)OCO4
722,COc1ccc2c(c1OC)CN1CCc3cc4c(cc3C1C2)OCO4
723,COc1ccc2c(c1OC)CN1CCc3cc4c(cc3C1C2)OCO4
724,COc1ccc2c(c1OC)CN1CCc3cc4c(cc3C1C2)OCO4
725,COc1ccc2c(c1OC)CN1CCc3cc4c(cc3C1C2)OCO4
726,COc1ccc2c(c1OC)CN1CCc3cc4c(cc3C1C2)OCO4
727,COc1ccc2c(c1OC)CN1CCc3cc4c(cc3C1C2)OCO4
728,COc1ccc2c(c1OC)CN1CCc3cc4c(cc3C1C2)OCO4
729,COc1ccc2c(c1OC)CN1CCc3cc4c(cc3C1C2)OCO4
730,COc1ccc2c(c1OC)CN1CCc3cc4c(cc3C1C2)OCO4
731,COc1ccc2c(c1OC)CN1CCc3cc4c(cc3C1C2)OCO4
732,COc1ccc2c(c1OC)CN1CCc3cc4c(cc3C1C2)OCO4
733,COc1ccc2c(c1OC)CN1CCc3cc4c(cc3C1C2)OCO4
734,COc1ccc2c(c1OC)CN1CCc3cc4c(cc3C1C2)OCO4
735,COc1ccc2c(c1OC)CN1CCc3cc4c(cc3C1C2)OCO4
736,COc1ccc2c(c1OC)CN1CCc3cc4c(cc3C1C2)OCO4
737,COc1ccc2c(c1OC)CN1CCc3cc4c(cc3C1C2)OCO4
738,COc1ccc2c(c1OC)CN1CCc3cc4c(cc3C1C2)OCO4
739,COc1ccc2c(c1OC)CN1CCc3cc4c(cc3C1C2)OCO4
740,COc1ccc2c(c1OC)CN1CCc3cc4c(cc3C1C2)OCO4
741,COc1ccc2c(c1OC)CN1CCc3cc4c(cc3C1C2)OCO4
742,COc1ccc2c(c1OC)CN1CCc3cc4c(cc3C1C2)OCO4
743,COc1ccc2c(c1OC)CN1CCc3cc4c(cc3C1C2)OCO4
744,COc1ccc2c(c1OC)CN1CCc3cc4c(cc3C1C2)OCO4
745,COc1ccc2c(c1OC)CN1CCc3cc4c(cc3C1C2)OCO4
746,COc1ccc2c(c1OC)CN1CCc3cc4c(cc3C1C2)OCO4
747,COc1ccc2c(c1OC)CN1CCc3cc4c(cc3C1C2)OCO4
748,COc1ccc2c(c1OC)CN1CCc3cc4c(cc3C1C2)OCO4
749,COc1ccc2c(c1OC)CN1CCc3cc4c(cc3C1C2)OCO4
750,COc1ccc2c(c1OC)CN1CCc3cc4c(cc3C1C2)OCO4
751,COc1ccc2c(c1OC)CN1CCc3cc4c(cc3C1C2)OCO4
752,COc1ccc2c(c1OC)CN1CCc3cc4c(cc3C1C2)OCO4
753,COc1ccc2c(c1OC)CN1CCc3cc4c(cc3C1C2)OCO4
754,COc1ccc2c(c1OC)CN1CCc3cc4c(cc3C1C2)OCO4
755,COc1ccc2c(c1OC)CN1CCc3cc4c(cc3C1C2)OCO4
756,COc1ccc2c(c1OC)CN1CCc3cc4c(cc3C1C2)OCO4
757,COc1ccc2c(c1OC)CN1CCc3cc4c(cc3C1C2)OCO4
758,COc1ccc2c(c1OC)CN1CCc3cc4c(cc3C1C2)OCO4
759,COc1ccc2c(c1OC)CN1CCc3cc4c(cc3C1C2)OCO4
760,COc1ccc2c(c1OC)CN1CCc3cc4c(cc3C1C2)OCO4
761,COc1ccc2c(c1OC)CN1CCc3cc4c(cc3C1C2)OCO4
762,COc1ccc2c(c1OC)CN1CCc3cc4c(cc3C1C2)OCO4
763,COc1ccc2c(c1OC)CN1CCc3cc4c(cc3C1C2)OCO4
764,COc1ccc2c(c1OC)CN1CCc3cc4c(cc3C1C2)OCO4
765,COc1ccc2c(c1OC)CN1CCc3cc4c(cc3C1C2)OCO4
766,COc1ccc2c(c1OC)CN1CCc3cc4c(cc3C1C2)OCO4
767,COc1ccc2c(c1OC)CN1CCc3cc4c(cc3C1C2)OCO4
768,COc1ccc2c(c1OC)CN1CCc3cc4c(cc3C1C2)OCO4
769,COc1ccc2c(c1OC)CN1CCc3cc4c(cc3C1C2)OCO4
770,COc1ccc2c(c1OC)CN1CCc3cc4c(cc3C1C2)OCO4
771,COc1ccc2c(c1OC)CN1CCc3cc4c(cc3C1C2)OCO4
772,COc1ccc2c(c1OC)CN1CCc3cc4c(cc3C1C2)OCO4
773,COc1ccc2c(c1OC)CN1CCc3cc4c(cc3C1C2)OCO4
774,COc1ccc2c(c1OC)CN1CCc3cc4c(cc3C1C2)OCO4
775,COc1ccc2c(c1OC)CN1CCc3cc4c(cc3C1C2)OCO4
776,COc1ccc2c(c1OC)CN1CCc3cc4c(cc3C1C2)OCO4
777,COc1ccc2c(c1OC)CN1CCc3cc4c(cc3C1C2)OCO4
778,COc1ccc2c(c1OC)CN1CCc3cc4c(cc3C1C2)OCO4
779,COc1ccc2c(c1OC)CN1CCc3cc4c(cc3C1C2)OCO4
780,COc1ccc2c(c1OC)CN1CCc3cc4c(cc3C1C2)OCO4
781,COc1ccc2c(c1OC)CN1CCc3cc4c(cc3C1C2)OCO4
782,COc1ccc2c(c1OC)CN1CCc3cc4c(cc3C1C2)OCO4
783,COc1ccc2c(c1OC)CN1CCc3cc4c(cc3C1C2)OCO4
784,COc1ccc2c(c1OC)CN1CCc3cc4c(cc3C1C2)OCO4
785,COc1ccc2c(c1OC)CN1CCc3cc4c(cc3C1C2)OCO4
786,COc1ccc2c(c1OC)CN1CCc3cc4c(cc3C1C2)OCO4
787,COc1ccc2c(c1OC)CN1CCc3cc4c(cc3C1C2)OCO4
788,COc1ccc2c(c1OC)CN1CCc3cc4c(cc3C1C2)OCO4
789,COc1ccc2c(c1OC)CN1CCc3cc4c(cc3C1C2)OCO4
790,COc1ccc2c(c1OC)CN1CCc3cc4c(cc3C1C2)OCO4
791,COc1ccc2c(c1OC)CN1CCc3cc4c(cc3C1C2)OCO4
792,COc1ccc2c(c1OC)CN1CCc3cc4c(cc3C1C2)OCO4
793,COc1ccc2c(c1OC)CN1CCc3cc4c(cc3C1C2)OCO4
794,COc1ccc2c(c1OC)CN1CCc3cc4c(cc3C1C2)OCO4
795,COc1ccc2c(c1OC)CN1CCc3cc4c(cc3C1C2)OCO4
796,COc1ccc2c(c1OC)CN1CCc3cc4c(cc3C1C2)OCO4
797,COc1ccc2c(c1OC)CN1CCc3cc4c(cc3C1C2)OCO4
798,COc1ccc2c(c1OC)CN1CCc3cc4c(cc3C1C2)OCO4
799,COc1ccc2c(c1OC)CN1CCc3cc4c(cc3C1C2)OCO4
800,COc1ccc2c(c1OC)CN1CCc3cc4c(cc3C1C2)OCO4
801,COc1ccc2c(c1OC)CN1CCc3cc4c(cc3C1C2)OCO4
802,COc1ccc2c(c1OC)CN1CCc3cc4c(cc3C1C2)OCO4
803,COc1ccc2c(c1OC)CN1CCc3cc4c(cc3C1C2)OCO4
804,COc1ccc2c(c1OC)CN1CCc3cc4c(cc3C1C2)OCO4
805,COc1ccc2c(c1OC)CN1CCc3cc4c(cc3C1C2)OCO4
806,COc1ccc2c(c1OC)CN1CCc3cc4c(cc3C1C2)OCO4
807,COc1ccc2c(c1OC)CN1CCc3cc4c(cc3C1C2)OCO4
808,COc1ccc2c(c1OC)CN1CCc3cc4c(cc3C1C2)OCO4
809,COc1ccc2c(c1OC)CN1CCc3cc4c(cc3C1C2)OCO4
810,COc1ccc2c(c1OC)CN1CCc3cc4c(cc3C1C2)OCO4
811,COc1ccc2c(c1OC)CN1CCc3cc4c(cc3C1C2)OCO4
812,COc1ccc2c(c1OC)CN1CCc3cc4c(cc3C1C2)OCO4
813,COc1ccc2c(c1OC)CN1CCc3cc4c(cc3C1C2)OCO4
814,COc1ccc2c(c1OC)CN1CCc3cc4c(cc3C1C2)OCO4
815,COc1ccc2c(c1OC)CN1CCc3cc4c(cc3C1C2)OCO4
816,COc1ccc2c(c1OC)CN1CCc3cc4c(cc3C1C2)OCO4
817,COc1ccc2c(c1OC)CN1CCc3cc4c(cc3C1C2)OCO4
818,COc1ccc2c(c1OC)CN1CCc3cc4c(cc3C1C2)OCO4
819,COc1ccc2c(c1OC)CN1CCc3cc4c(cc3C1C2)OCO4
820,COc1ccc2c(c1OC)CN1CCc3cc4c(cc3C1C2)OCO4
821,COc1ccc2c(c1OC)CN1CCc3cc4c(cc3C1C2)OCO4
822,COc1ccc2c(c1OC)CN1CCc3cc4c(cc3C1C2)OCO4
823,COc1ccc2c(c1OC)CN1CCc3cc4c(cc3C1C2)OCO4
824,COc1ccc2c(c1OC)CN1CCc3cc4c(cc3C1C2)OCO4
825,COc1ccc2c(c1OC)CN1CCc3cc4c(cc3C1C2)OCO4
826,COc1ccc2c(c1OC)CN1CCc3cc4c(cc3C1C2)OCO4
827,COc1ccc2c(c1OC)CN1CCc3cc4c(cc3C1C2)OCO4
828,COc1ccc2c(c1OC)CN1CCc3cc4c(cc3C1C2)OCO4
829,COc1ccc2c(c1OC)CN1CCc3cc4c(cc3C1C2)OCO4
830,COc1ccc2c(c1OC)CN1CCc3cc4c(cc3C1C2)OCO4
831,COc1ccc2c(c1OC)CN1CCc3cc4c(cc3C1C2)OCO4
832,COc1ccc2c(c1OC)CN1CCc3cc4c(cc3C1C2)OCO4
833,COc1ccc2c(c1OC)CN1CCc3cc4c(cc3C1C2)OCO4
834,COc1ccc2c(c1OC)CN1CCc3cc4c(cc3C1C2)OCO4
835,COc1ccc2c(c1OC)CN1CCc3cc4c(cc3C1C2)OCO4
836,COc1ccc2c(c1OC)CN1CCc3cc4c(cc3C1C2)OCO4
837,COc1ccc2c(c1OC)CN1CCc3cc4c(cc3C1C2)OCO4
838,COc1ccc2c(c1OC)CN1CCc3cc4c(cc3C1C2)OCO4
839,COc1ccc2c(c1OC)CN1CCc3cc4c(cc3C1C2)OCO4
840,COc1ccc2c(c1OC)CN1CCc3cc4c(cc3C1C2)OCO4
841,COc1ccc2c(c1OC)CN1CCc3cc4c(cc3C1C2)OCO4
842,COc1ccc2c(c1OC)CN1CCc3cc4c(cc3C1C2)OCO4
843,COc1ccc2c(c1OC)CN1CCc3cc4c(cc3C1C2)OCO4
844,COc1ccc2c(c1OC)CN1CCc3cc4c(cc3C1C2)OCO4
845,COc1ccc2c(c1OC)CN1CCc3cc4c(cc3C1C2)OCO4
846,COc1ccc2c(c1OC)CN1CCc3cc4c(cc3C1C2)OCO4
847,COc1ccc2c(c1OC)CN1CCc3cc4c(cc3C1C2)OCO4
848,COc1ccc2c(c1OC)CN1CCc3cc4c(cc3C1C2)OCO4
849,COc1ccc2c(c1OC)CN1CCc3cc4c(cc3C1C2)OCO4
850,COc1ccc2c(c1OC)CN1CCc3cc4c(cc3C1C2)OCO4
851,COc1ccc2c(c1OC)CN1CCc3cc4c(cc3C1C2)OCO4
852,COc1ccc2c(c1OC)CN1CCc3cc4c(cc3C1C2)OCO4
853,COc1ccc2c(c1OC)CN1CCc3cc4c(cc3C1C2)OCO4
854,COc1ccc2c(c1OC)CN1CCc3cc4c(cc3C1C2)OCO4
855,COc1ccc2c(c1OC)CN1CCc3cc4c(cc3C1C2)OCO4
856,COc1ccc2c(c1OC)CN1CCc3cc4c(cc3C1C2)OCO4
857,COc1ccc2c(c1OC)CN1CCc3cc4c(cc3C1C2)OCO4
858,COc1ccc2c(c1OC)CN1CCc3cc4c(cc3C1C2)OCO4
859,COc1ccc2c(c1OC)CN1CCc3cc4c(cc3C1C2)OCO4
860,COc1ccc2c(c1OC)CN1CCc3cc4c(cc3C1C2)OCO4
861,COc1ccc2c(c1OC)CN1CCc3cc4c(cc3C1C2)OCO4
862,COc1ccc2c(c1OC)CN1CCc3cc4c(cc3C1C2)OCO4
863,COc1ccc2c(c1OC)CN1CCc3cc4c(cc3C1C2)OCO4
864,COc1ccc2c(c1OC)CN1CCc3cc4c(cc3C1C2)OCO4
865,COc1ccc2c(c1OC)CN1CCc3cc4c(cc3C1C2)OCO4
866,COc1ccc2c(c1OC)CN1CCc3cc4c(cc3C1C2)OCO4
867,COc1ccc2c(c1OC)CN1CCc3cc4c(cc3C1C2)OCO4
868,COc1ccc2c(c1OC)CN1CCc3cc4c(cc3C1C2)OCO4
869,COc1ccc2c(c1OC)CN1CCc3cc4c(cc3C1C2)OCO4
870,COc1ccc2c(c1OC)CN1CCc3cc4c(cc3C1C2)OCO4
871,COc1ccc2c(c1OC)CN1CCc3cc4c(cc3C1C2)OCO4
872,COc1ccc2c(c1OC)CN1CCc3cc4c(cc3C1C2)OCO4
873,COc1ccc2c(c1OC)CN1CCc3cc4c(cc3C1C2)OCO4
874,COc1ccc2c(c1OC)CN1CCc3cc4c(cc3C1C2)OCO4
875,COc1ccc2c(c1OC)CN1CCc3cc4c(cc3C1C2)OCO4
876,COc1ccc2c(c1OC)CN1CCc3cc4c(cc3C1C2)OCO4
877,COc1ccc2c(c1OC)CN1CCc3cc4c(cc3C1C2)OCO4
878,COc1ccc2c(c1OC)CN1CCc3cc4c(cc3C1C2)OCO4
879,COc1ccc2c(c1OC)CN1CCc3cc4c(cc3C1C2)OCO4
880,COc1ccc2c(c1OC)CN1CCc3cc4c(cc3C1C2)OCO4
881,COc1ccc2c(c1OC)CN1CCc3cc4c(cc3C1C2)OCO4
882,COc1ccc2c(c1OC)CN1CCc3cc4c(cc3C1C2)OCO4
883,COc1ccc2c(c1OC)CN1CCc3cc4c(cc3C1C2)OCO4
884,COc1ccc2c(c1OC)CN1CCc3cc4c(cc3C1C2)OCO4
885,COc1ccc2c(c1OC)CN1CCc3cc4c(cc3C1C2)OCO4
886,COc1ccc2c(c1OC)CN1CCc3cc4c(cc3C1C2)OCO4
887,COc1ccc2c(c1OC)CN1CCc3cc4c(cc3C1C2)OCO4
888,COc1ccc2c(c1OC)CN1CCc3cc4c(cc3C1C2)OCO4
889,COc1ccc2c(c1OC)CN1CCc3cc4c(cc3C1C2)OCO4
890,COc1ccc2c(c1OC)CN1CCc3cc4c(cc3C1C2)OCO4
891,COc1ccc2c(c1OC)CN1CCc3cc4c(cc3C1C2)OCO4
892,COc1ccc2c(c1OC)CN1CCc3cc4c(cc3C1C2)OCO4
893,COc1ccc2c(c1OC)CN1CCc3cc4c(cc3C1C2)OCO4
894,COc1ccc2c(c1OC)CN1CCc3cc4c(cc3C1C2)OCO4
895,COc1ccc2c(c1OC)CN1CCc3cc4c(cc3C1C2)OCO4
896,COc1ccc2c(c1OC)CN1CCc3cc4c(cc3C1C2)OCO4
897,COc1ccc2c(c1OC)CN1CCc3cc4c(cc3C1C2)OCO4
898,COc1ccc2c(c1OC)CN1CCc3cc4c(cc3C1C2)OCO4
899,COc1ccc2c(c1OC)CN1CCc3cc4c(cc3C1C2)OCO4
900,COc1ccc2c(c1OC)CN1CCc3cc4c(cc3C1C2)OCO4
901,COc1ccc2c(c1OC)CN1CCc3cc4c(cc3C1C2)OCO4
902,COc1ccc2c(c1OC)CN1CCc3cc4c(cc3C1C2)OCO4
903,COc1ccc2c(c1OC)CN1CCc3cc4c(cc3C1C2)OCO4
904,COc1ccc2c(c1OC)CN1CCc3cc4c(cc3C1C2)OCO4
905,COc1ccc2c(c1OC)CN1CCc3cc4c(cc3C1C2)OCO4
906,COc1ccc2c(c1OC)CN1CCc3cc4c(cc3C1C2)OCO4
907,COc1ccc2c(c1OC)CN1CCc3cc4c(cc3C1C2)OCO4
908,COc1ccc2c(c1OC)CN1CCc3cc4c(cc3C1C2)OCO4
909,COc1ccc2c(c1OC)CN1CCc3cc4c(cc3C1C2)OCO4
910,COc1ccc2c(c1OC)CN1CCc3cc4c(cc3C1C2)OCO4
911,COc1ccc2c(c1OC)CN1CCc3cc4c(cc3C1C2)OCO4
912,COc1ccc2c(c1OC)CN1CCc3cc4c(cc3C1C2)OCO4
913,COc1ccc2c(c1OC)CN1CCc3cc4c(cc3C1C2)OCO4
914,COc1ccc2c(c1OC)CN1CCc3cc4c(cc3C1C2)OCO4
915,COc1ccc2c(c1OC)CN1CCc3cc4c(cc3C1C2)OCO4
916,COc1ccc2c(c1OC)CN1CCc3cc4c(cc3C1C2)OCO4
917,COc1ccc2c(c1OC)CN1CCc3cc4c(cc3C1C2)OCO4
918,COc1ccc2c(c1OC)CN1CCc3cc4c(cc3C1C2)OCO4
919,COc1ccc2c(c1OC)CN1CCc3cc4c(cc3C1C2)OCO4
920,COc1ccc2c(c1OC)CN1CCc3cc4c(cc3C1C2)OCO4
921,COc1ccc2c(c1OC)CN1CCc3cc4c(cc3C1C2)OCO4
922,COc1ccc2c(c1OC)CN1CCc3cc4c(cc3C1C2)OCO4
923,COc1ccc2c(c1OC)CN1CCc3cc4c(cc3C1C2)OCO4
924,COc1ccc2c(c1OC)CN1CCc3cc4c(cc3C1C2)OCO4
925,COc1ccc2c(c1OC)CN1CCc3cc4c(cc3C1C2)OCO4
926,COc1ccc2c(c1OC)CN1CCc3cc4c(cc3C1C2)OCO4
927,COc1ccc2c(c1OC)CN1CCc3cc4c(cc3C1C2)OCO4
928,COc1ccc2c(c1OC)CN1CCc3cc4c(cc3C1C2)OCO4
929,COc1ccc2c(c1OC)CN1CCc3cc4c(cc3C1C2)OCO4
930,COc1ccc2c(c1OC)CN1CCc3cc4c(cc3C1C2)OCO4
931,COc1ccc2c(c1OC)CN1CCc3cc4c(cc3C1C2)OCO4
932,COc1ccc2c(c1OC)CN1CCc3cc4c(cc3C1C2)OCO4
933,COc1ccc2c(c1OC)CN1CCc3cc4c(cc3C1C2)OCO4
934,COc1ccc2c(c1OC)CN1CCc3cc4c(cc3C1C2)OCO4
935,COc1ccc2c(c1OC)CN1CCc3cc4c(cc3C1C2)OCO4
936,COc1ccc2c(c1OC)CN1CCc3cc4c(cc3C1C2)OCO4
937,COc1ccc2c(c1OC)CN1CCc3cc4c(cc3C1C2)OCO4
938,COc1ccc2c(c1OC)CN1CCc3cc4c(cc3C1C2)OCO4
939,COc1ccc2c(c1OC)CN1CCc3cc4c(cc3C1C2)OCO4
940,COc1ccc2c(c1OC)CN1CCc3cc4c(cc3C1C2)OCO4
941,COc1ccc2c(c1OC)CN1CCc3cc4c(cc3C1C2)OCO4
942,COc1ccc2c(c1OC)CN1CCc3cc4c(cc3C1C2)OCO4
943,COc1ccc2c(c1OC)CN1CCc3cc4c(cc3C1C2)OCO4
944,COc1ccc2c(c1OC)CN1CCc3cc4c(cc3C1C2)OCO4
945,COc1ccc2c(c1OC)CN1CCc3cc4c(cc3C1C2)OCO4
946,COc1ccc2c(c1OC)CN1CCc3cc4c(cc3C1C2)OCO4
947,COc1ccc2c(c1OC)CN1CCc3cc4c(cc3C1C2)OCO4
948,COc1ccc2c(c1OC)CN1CCc3cc4c(cc3C1C2)OCO4
949,COc1ccc2c(c1OC)CN1CCc3cc4c(cc3C1C2)OCO4
950,COc1ccc2c(c1OC)CN1CCc3cc4c(cc3C1C2)OCO4
951,COc1ccc2c(c1OC)CN1CCc3cc4c(cc3C1C2)OCO4
952,COc1ccc2c(c1OC)CN1CCc3cc4c(cc3C1C2)OCO4
953,COc1ccc2c(c1OC)CN1CCc3cc4c(cc3C1C2)OCO4
954,COc1ccc2c(c1OC)CN1CCc3cc4c(cc3C1C2)OCO4
955,COc1ccc2c(c1OC)CN1CCc3cc4c(cc3C1C2)OCO4
956,COc1ccc2c(c1OC)CN1CCc3cc4c(cc3C1C2)OCO4
957,COc1ccc2c(c1OC)CN1CCc3cc4c(cc3C1C2)OCO4
958,COc1ccc2c(c1OC)CN1CCc3cc4c(cc3C1C2)OCO4
959,COc1ccc2c(c1OC)CN1CCc3cc4c(cc3C1C2)OCO4
960,COc1ccc2c(c1OC)CN1CCc3cc4c(cc3C1C2)OCO4
961,COc1ccc2c(c1OC)CN1CCc3cc4c(cc3C1C2)OCO4
962,COc1ccc2c(c1OC)CN1CCc3cc4c(cc3C1C2)OCO4
963,COc1ccc2c(c1OC)CN1CCc3cc4c(cc3C1C2)OCO4
964,COc1ccc2c(c1OC)CN1CCc3cc4c(cc3C1C2)OCO4
965,COc1ccc2c(c1OC)CN1CCc3cc4c(cc3C1C2)OCO4
966,COc1ccc2c(c1OC)CN1CCc3cc4c(cc3C1C2)OCO4
967,COc1ccc2c(c1OC)CN1CCc3cc4c(cc3C1C2)OCO4
968,COc1ccc2c(c1OC)CN1CCc3cc4c(cc3C1C2)OCO4
969,COc1ccc2c(c1OC)CN1CCc3cc4c(cc3C1C2)OCO4
970,COc1ccc2c(c1OC)CN1CCc3cc4c(cc3C1C2)OCO4
971,COc1ccc2c(c1OC)CN1CCc3cc4c(cc3C1C2)OCO4
972,COc1ccc2c(c1OC)CN1CCc3cc4c(cc3C1C2)OCO4
973,COc1ccc2c(c1OC)CN1CCc3cc4c(cc3C1C2)OCO4
974,COc1ccc2c(c1OC)CN1CCc3cc4c(cc3C1C2)OCO4
975,COc1ccc2c(c1OC)CN1CCc3cc4c(cc3C1C2)OCO4
976,COc1ccc2c(c1OC)CN1CCc3cc4c(cc3C1C2)OCO4
977,COc1ccc2c(c1OC)CN1CCc3cc4c(cc3C1C2)OCO4
978,COc1ccc2c(c1OC)CN1CCc3cc4c(cc3C1C2)OCO4
979,COc1ccc2c(c1OC)CN1CCc3cc4c(cc3C1C2)OCO4
980,COc1ccc2c(c1OC)CN1CCc3cc4c(cc3C1C2)OCO4
981,COc1ccc2c(c1OC)CN1CCc3cc4c(cc3C1C2)OCO4
982,COc1ccc2c(c1OC)CN1CCc3cc4c(cc3C1C2)OCO4
983,COc1ccc2c(c1OC)CN1CCc3cc4c(cc3C1C2)OCO4
984,COc1ccc2c(c1OC)CN1CCc3cc4c(cc3C1C2)OCO4
985,COc1ccc2c(c1OC)CN1CCc3cc4c(cc3C1C2)OCO4
986,COc1ccc2c(c1OC)CN1CCc3cc4c(cc3C1C2)OCO4
987,COc1ccc2c(c1OC)CN1CCc3cc4c(cc3C1C2)OCO4
988,COc1ccc2c(c1OC)CN1CCc3cc4c(cc3C1C2)OCO4
989,COc1ccc2c(c1OC)CN1CCc3cc4c(cc3C1C2)OCO4
990,COc1ccc2c(c1OC)CN1CCc3cc4c(cc3C1C2)OCO4
991,COc1ccc2c(c1OC)CN1CCc3cc4c(cc3C1C2)OCO4
992,COc1ccc2c(c1OC)CN1CCc3cc4c(cc3C1C2)OCO4
993,COc1ccc2c(c1OC)CN1CCc3cc4c(cc3C1C2)OCO4
994,COc1ccc2c(c1OC)CN1CCc3cc4c(cc3C1C2)OCO4
995,COc1ccc2c(c1OC)CN1CCc3cc4c(cc3C1C2)OCO4
996,COc1ccc2c(c1OC)CN1CCc3cc4c(cc3C1C2)OCO4
997,COc1ccc2c(c1OC)CN1CCc3cc4c(cc3C1C2)OCO4
998,COc1ccc2c(c1OC)CN1CCc3cc4c(cc3C1C2)OCO4
999,COc1ccc2c(c1OC)CN1CCc3cc4c(cc3C1C2)OCO4
1000,COc1ccc2c(c1OC)CN1CCc3cc4c(cc3C1C2)OCO4
1001,COc1ccc2c(c1OC)CN1CCc3cc4c(cc3C1C2)OCO4
1002,COc1ccc2c(c1OC)CN1CCc3cc4c(cc3C1C2)OCO4
1003,COc1ccc2c(c1OC)CN1CCc3cc4c(cc3C1C2)OCO4
1004,COc1ccc2c(c1OC)CN1CCc3cc4c(cc3C1C2)OCO4
1005,COc1ccc2c(c1OC)CN1CCc3cc4c(cc3C1C2)OCO4
1006,COc1ccc2c(c1OC)CN1CCc3cc4c(cc3C1C2)OCO4
1007,COc1ccc2c(c1OC)CN1CCc3cc4c(cc3C1C2)OCO4
1008,COc1ccc2c(c1OC)CN1CCc3cc4c(cc3C1C2)OCO4
1009,COc1ccc2c(c1OC)CN1CCc3cc4c(cc3C1C2)OCO4
1010,COc1ccc2c(c1OC)CN1CCc3cc4c(cc3C1C2)OCO4
1011,COc1ccc2c(c1OC)CN1CCc3cc4c(cc3C1C2)OCO4
1012,COc1ccc2c(c1OC)CN1CCc3cc4c(cc3C1C2)OCO4
1013,COc1ccc2c(c1OC)CN1CCc3cc4c(cc3C1C2)OCO4
1014,COc1ccc2c(c1OC)CN1CCc3cc4c(cc3C1C2)OCO4
1015,COc1ccc2c(c1OC)CN1CCc3cc4c(cc3C1C2)OCO4
1016,COc1ccc2c(c1OC)CN1CCc3cc4c(cc3C1C2)OCO4
1017,COc1ccc2c(c1OC)CN1CCc3cc4c(cc3C1C2)OCO4
1018,COc1ccc2c(c1OC)CN1CCc3cc4c(cc3C1C2)OCO4
1019,COc1ccc2c(c1OC)CN1CCc3cc4c(cc3C1C2)OCO4
1020,COc1ccc2c(c1OC)CN1CCc3cc4c(cc3C1C2)OCO4
1021,COc1ccc2c(c1OC)CN1CCc3cc4c(cc3C1C2)OCO4
1022,COc1ccc2c(c1OC)CN1CCc3cc4c(cc3C1C2)OCO4
1023,COc1ccc2c(c1OC)CN1CCc3cc4c(cc3C1C2)OCO4
1024,COc1ccc2c(c1OC)CN1CCc3cc4c(cc3C1C2)OCO4
1025,COc1ccc2c(c1OC)CN1CCc3cc4c(cc3C1C2)OCO4
1026,COc1ccc2c(c1OC)CN1CCc3cc4c(cc3C1C2)OCO4
1027,COc1ccc2c(c1OC)CN1CCc3cc4c(cc3C1C2)OCO4
1028,COc1ccc2c(c1OC)CN1CCc3cc4c(cc3C1C2)OCO4
1029,COc1ccc2c(c1OC)CN1CCc3cc4c(cc3C1C2)OCO4
1030,COc1ccc2c(c1OC)CN1CCc3cc4c(cc3C1C2)OCO4
1031,COc1ccc2c(c1OC)CN1CCc3cc4c(cc3C1C2)OCO4
1032,COc1ccc2c(c1OC)CN1CCc3cc4c(cc3C1C2)OCO4
1033,COc1ccc2c(c1OC)CN1CCc3cc4c(cc3C1C2)OCO4
1034,COc1ccc2c(c1OC)CN1CCc3cc4c(cc3C1C2)OCO4
1035,COc1ccc2c(c1OC)CN1CCc3cc4c(cc3C1C2)OCO4
1036,COc1ccc2c(c1OC)CN1CCc3cc4c(cc3C1C2)OCO4
1037,COc1ccc2c(c1OC)CN1CCc3cc4c(cc3C1C2)OCO4
1038,COc1ccc2c(c1OC)CN1CCc3cc4c(cc3C1C2)OCO4
1039,COc1ccc2c(c1OC)CN1CCc3cc4c(cc3C1C2)OCO4
1040,COc1ccc2c(c1OC)CN1CCc3cc4c(cc3C1C2)OCO4
1041,COc1ccc2c(c1OC)CN1CCc3cc4c(cc3C1C2)OCO4
1042,COc1ccc2c(c1OC)CN1CCc3cc4c(cc3C1C2)OCO4
1043,COc1ccc2c(c1OC)CN1CCc3cc4c(cc3C1C2)OCO4
1044,COc1ccc2c(c1OC)CN1CCc3cc4c(cc3C1C2)OCO4
1045,COc1ccc2c(c1OC)CN1CCc3cc4c(cc3C1C2)OCO4
1046,COc1ccc2c(c1OC)CN1CCc3cc4c(cc3C1C2)OCO4
1047,COc1ccc2c(c1OC)CN1CCc3cc4c(cc3C1C2)OCO4
1048,COc1ccc2c(c1OC)CN1CCc3cc4c(cc3C1C2)OCO4
1049,COc1ccc2c(c1OC)CN1CCc3cc4c(cc3C1C2)OCO4
1050,COc1ccc2c(c1OC)CN1CCc3cc4c(cc3C1C2)OCO4
1051,COc1ccc2c(c1OC)CN1CCc3cc4c(cc3C1C2)OCO4
1052,COc1ccc2c(c1OC)CN1CCc3cc4c(cc3C1C2)OCO4
1053,COc1ccc2c(c1OC)CN1CCc3cc4c(cc3C1C2)OCO4
1054,COc1ccc2c(c1OC)CN1CCc3cc4c(cc3C1C2)OCO4
1055,COc1ccc2c(c1OC)CN1CCc3cc4c(cc3C1C2)OCO4
1056,COc1ccc2c(c1OC)CN1CCc3cc4c(cc3C1C2)OCO4
1057,COc1ccc2c(c1OC)CN1CCc3cc4c(cc3C1C2)OCO4
1058,COc1ccc2c(c1OC)CN1CCc3cc4c(cc3C1C2)OCO4
1059,COc1ccc2c(c1OC)CN1CCc3cc4c(cc3C1C2)OCO4
1060,COc1ccc2c(c1OC)CN1CCc3cc4c(cc3C1C2)OCO4
1061,COc1ccc2c(c1OC)CN1CCc3cc4c(cc3C1C2)OCO4
1062,COc1ccc2c(c1OC)CN1CCc3cc4c(cc3C1C2)OCO4
1063,COc1ccc2c(c1OC)CN1CCc3cc4c(cc3C1C2)OCO4
1064,COc1ccc2c(c1OC)CN1CCc3cc4c(cc3C1C2)OCO4
1065,COc1ccc2c(c1OC)CN1CCc3cc4c(cc3C1C2)OCO4
1066,COc1ccc2c(c1OC)CN1CCc3cc4c(cc3C1C2)OCO4
1067,COc1ccc2c(c1OC)CN1CCc3cc4c(cc3C1C2)OCO4
1068,COc1ccc2c(c1OC)CN1CCc3cc4c(cc3C1C2)OCO4
1069,COc1ccc2c(c1OC)CN1CCc3cc4c(cc3C1C2)OCO4
1070,COc1ccc2c(c1OC)CN1CCc3cc4c(cc3C1C2)OCO4
1071,COc1ccc2c(c1OC)CN1CCc3cc4c(cc3C1C2)OCO4
1072,COc1ccc2c(c1OC)CN1CCc3cc4c(cc3C1C2)OCO4
1073,COc1ccc2c(c1OC)CN1CCc3cc4c(cc3C1C2)OCO4
1074,COc1ccc2c(c1OC)CN1CCc3cc4c(cc3C1C2)OCO4
1075,COc1ccc2c(c1OC)CN1CCc3cc4c(cc3C1C2)OCO4
1076,COc1ccc2c(c1OC)CN1CCc3cc4c(cc3C1C2)OCO4
1077,COc1ccc2c(c1OC)CN1CCc3cc4c(cc3C1C2)OCO4
1078,COc1ccc2c(c1OC)CN1CCc3cc4c(cc3C1C2)OCO4
1079,COc1ccc2c(c1OC)CN1CCc3cc4c(cc3C1C2)OCO4
1080,COc1ccc2c(c1OC)CN1CCc3cc4c(cc3C1C2)OCO4
1081,COc1ccc2c(c1OC)CN1CCc3cc4c(cc3C1C2)OCO4
1082,COc1ccc2c(c1OC)CN1CCc3cc4c(cc3C1C2)OCO4
1083,COc1ccc2c(c1OC)CN1CCc3cc4c(cc3C1C2)OCO4
1084,COc1ccc2c(c1OC)CN1CCc3cc4c(cc3C1C2)OCO4
1085,COc1ccc2c(c1OC)CN1CCc3cc4c(cc3C1C2)OCO4
1086,COc1ccc2c(c1OC)CN1CCc3cc4c(cc3C1C2)OCO4
1087,COc1ccc2c(c1OC)CN1CCc3cc4c(cc3C1C2)OCO4
1088,COc1ccc2c(c1OC)CN1CCc3cc4c(cc3C1C2)OCO4
1089,COc1ccc2c(c1OC)CN1CCc3cc4c(cc3C1C2)OCO4
1090,COc1ccc2c(c1OC)CN1CCc3cc4c(cc3C1C2)OCO4
1091,COc1ccc2c(c1OC)CN1CCc3cc4c(cc3C1C2)OCO4
1092,COc1ccc2c(c1OC)CN1CCc3cc4c(cc3C1C2)OCO4
1093,COc1ccc2c(c1OC)CN1CCc3cc4c(cc3C1C2)OCO4
1094,COc1ccc2c(c1OC)CN1CCc3cc4c(cc3C1C2)OCO4
1095,COc1ccc2c(c1OC)CN1CCc3cc4c(cc3C1C2)OCO4
1096,COc1ccc2c(c1OC)CN1CCc3cc4c(cc3C1C2)OCO4
1097,COc1ccc2c(c1OC)CN1CCc3cc4c(cc3C1C2)OCO4
1098,COc1ccc2c(c1OC)CN1CCc3cc4c(cc3C1C2)OCO4
1099,COc1ccc2c(c1OC)CN1CCc3cc4c(cc3C1C2)OCO4
1100,COc1ccc2c(c1OC)CN1CCc3cc4c(cc3C1C2)OCO4
1101,COc1ccc2c(c1OC)CN1CCc3cc4c(cc3C1C2)OCO4
1102,COc1ccc2c(c1OC)CN1CCc3cc4c(cc3C1C2)OCO4
1103,COc1ccc2c(c1OC)CN1CCc3cc4c(cc3C1C2)OCO4
1104,COc1ccc2c(c1OC)CN1CCc3cc4c(cc3C1C2)OCO4
1105,COc1ccc2c(c1OC)CN1CCc3cc4c(cc3C1C2)OCO4
1106,COc1ccc2c(c1OC)CN1CCc3cc4c(cc3C1C2)OCO4
1107,COc1ccc2c(c1OC)CN1CCc3cc4c(cc3C1C2)OCO4
1108,COc1ccc2c(c1OC)CN1CCc3cc4c(cc3C1C2)OCO4
1109,COc1ccc2c(c1OC)CN1CCc3cc4c(cc3C1C2)OCO4
1110,COc1ccc2c(c1OC)CN1CCc3cc4c(cc3C1C2)OCO4
1111,COc1ccc2c(c1OC)CN1CCc3cc4c(cc3C1C2)OCO4
1112,COc1ccc2c(c1OC)CN1CCc3cc4c(cc3C1C2)OCO4
1113,COc1ccc2c(c1OC)CN1CCc3cc4c(cc3C1C2)OCO4
1114,COc1ccc2c(c1OC)CN1CCc3cc4c(cc3C1C2)OCO4
1115,COc1ccc2c(c1OC)CN1CCc3cc4c(cc3C1C2)OCO4
1116,COc1ccc2c(c1OC)CN1CCc3cc4c(cc3C1C2)OCO4
1117,COc1ccc2c(c1OC)CN1CCc3cc4c(cc3C1C2)OCO4
1118,COc1ccc2c(c1OC)CN1CCc3cc4c(cc3C1C2)OCO4
1119,COc1ccc2c(c1OC)CN1CCc3cc4c(cc3C1C2)OCO4
1120,COc1ccc2c(c1OC)CN1CCc3cc4c(cc3C1C2)OCO4
1121,COc1ccc2c(c1OC)CN1CCc3cc4c(cc3C1C2)OCO4
1122,COc1ccc2c(c1OC)CN1CCc3cc4c(cc3C1C2)OCO4
1123,COc1ccc2c(c1OC)CN1CCc3cc4c(cc3C1C2)OCO4
1124,COc1ccc2c(c1OC)CN1CCc3cc4c(cc3C1C2)OCO4
1125,COc1ccc2c(c1OC)CN1CCc3cc4c(cc3C1C2)OCO4
1126,COc1ccc2c(c1OC)CN1CCc3cc4c(cc3C1C2)OCO4
1127,COc1ccc2c(c1OC)CN1CCc3cc4c(cc3C1C2)OCO4
1128,COc1ccc2c(c1OC)CN1CCc3cc4c(cc3C1C2)OCO4
1129,COc1ccc2c(c1OC)CN1CCc3cc4c(cc3C1C2)OCO4
1130,COc1ccc2c(c1OC)CN1CCc3cc4c(cc3C1C2)OCO4
1131,COc1ccc2c(c1OC)CN1CCc3cc4c(cc3C1C2)OCO4
1132,COc1ccc2c(c1OC)CN1CCc3cc4c(cc3C1C2)OCO4
1133,COc1ccc2c(c1OC)CN1CCc3cc4c(cc3C1C2)OCO4
1134,COc1ccc2c(c1OC)CN1CCc3cc4c(cc3C1C2)OCO4
1135,COc1ccc2c(c1OC)CN1CCc3cc4c(cc3C1C2)OCO4
1136,COc1ccc2c(c1OC)CN1CCc3cc4c(cc3C1C2)OCO4
1137,COc1ccc2c(c1OC)CN1CCc3cc4c(cc3C1C2)OCO4
1138,COc1ccc2c(c1OC)CN1CCc3cc4c(cc3C1C2)OCO4
1139,COc1ccc2c(c1OC)CN1CCc3cc4c(cc3C1C2)OCO4
1140,COc1ccc2c(c1OC)CN1CCc3cc4c(cc3C1C2)OCO4
1141,COc1ccc2c(c1OC)CN1CCc3cc4c(cc3C1C2)OCO4
1142,COc1ccc2c(c1OC)CN1CCc3cc4c(cc3C1C2)OCO4
1143,COc1ccc2c(c1OC)CN1CCc3cc4c(cc3C1C2)OCO4
1144,COc1ccc2c(c1OC)CN1CCc3cc4c(cc3C1C2)OCO4
1145,COc1ccc2c(c1OC)CN1CCc3cc4c(cc3C1C2)OCO4
1146,COc1ccc2c(c1OC)CN1CCc3cc4c(cc3C1C2)OCO4
1147,COc1ccc2c(c1OC)CN1CCc3cc4c(cc3C1C2)OCO4
1148,COc1ccc2c(c1OC)CN1CCc3cc4c(cc3C1C2)OCO4
1149,COc1ccc2c(c1OC)CN1CCc3cc4c(cc3C1C2)OCO4
1150,COc1ccc2c(c1OC)CN1CCc3cc4c(cc3C1C2)OCO4
1151,COc1ccc2c(c1OC)CN1CCc3cc4c(cc3C1C2)OCO4
1152,COc1ccc2c(c1OC)CN1CCc3cc4c(cc3C1C2)OCO4
1153,COc1ccc2c(c1OC)CN1CCc3cc4c(cc3C1C2)OCO4
1154,COc1ccc2c(c1OC)CN1CCc3cc4c(cc3C1C2)OCO4
1155,COc1ccc2c(c1OC)CN1CCc3cc4c(cc3C1C2)OCO4
1156,COc1ccc2c(c1OC)CN1CCc3cc4c(cc3C1C2)OCO4
1157,COc1ccc2c(c1OC)CN1CCc3cc4c(cc3C1C2)OCO4
1158,COc1ccc2c(c1OC)CN1CCc3cc4c(cc3C1C2)OCO4
1159,COc1ccc2c(c1OC)CN1CCc3cc4c(cc3C1C2)OCO4
1160,COc1ccc2c(c1OC)CN1CCc3cc4c(cc3C1C2)OCO4
1161,COc1ccc2c(c1OC)CN1CCc3cc4c(cc3C1C2)OCO4
1162,COc1ccc2c(c1OC)CN1CCc3cc4c(cc3C1C2)OCO4
1163,COc1ccc2c(c1OC)CN1CCc3cc4c(cc3C1C2)OCO4
1164,COc1ccc2c(c1OC)CN1CCc3cc4c(cc3C1C2)OCO4
1165,COc1ccc2c(c1OC)CN1CCc3cc4c(cc3C1C2)OCO4
1166,COc1ccc2c(c1OC)CN1CCc3cc4c(cc3C1C2)OCO4
1167,COc1ccc2c(c1OC)CN1CCc3cc4c(cc3C1C2)OCO4
1168,COc1ccc2c(c1OC)CN1CCc3cc4c(cc3C1C2)OCO4
1169,COc1ccc2c(c1OC)CN1CCc3cc4c(cc3C1C2)OCO4
1170,COc1ccc2c(c1OC)CN1CCc3cc4c(cc3C1C2)OCO4
1171,COc1ccc2c(c1OC)CN1CCc3cc4c(cc3C1C2)OCO4
1172,COc1ccc2c(c1OC)CN1CCc3cc4c(cc3C1C2)OCO4
1173,COc1ccc2c(c1OC)CN1CCc3cc4c(cc3C1C2)OCO4
1174,COc1ccc2c(c1OC)CN1CCc3cc4c(cc3C1C2)OCO4
1175,COc1ccc2c(c1OC)CN1CCc3cc4c(cc3C1C2)OCO4
1176,COc1ccc2c(c1OC)CN1CCc3cc4c(cc3C1C2)OCO4
1177,COc1ccc2c(c1OC)CN1CCc3cc4c(cc3C1C2)OCO4
1178,COc1ccc2c(c1OC)CN1CCc3cc4c(cc3C1C2)OCO4
1179,COc1ccc2c(c1OC)CN1CCc3cc4c(cc3C1C2)OCO4
1180,COc1ccc2c(c1OC)CN1CCc3cc4c(cc3C1C2)OCO4
1181,COc1ccc2c(c1OC)CN1CCc3cc4c(cc3C1C2)OCO4
1182,COc1ccc2c(c1OC)CN1CCc3cc4c(cc3C1C2)OCO4
1183,COc1ccc2c(c1OC)CN1CCc3cc4c(cc3C1C2)OCO4
1184,COc1ccc2c(c1OC)CN1CCc3cc4c(cc3C1C2)OCO4
1185,COc1ccc2c(c1OC)CN1CCc3cc4c(cc3C1C2)OCO4
1186,COc1ccc2c(c1OC)CN1CCc3cc4c(cc3C1C2)OCO4
1187,COc1ccc2c(c1OC)CN1CCc3cc4c(cc3C1C2)OCO4
1188,COc1ccc2c(c1OC)CN1CCc3cc4c(cc3C1C2)OCO4
1189,COc1ccc2c(c1OC)CN1CCc3cc4c(cc3C1C2)OCO4
1190,COc1ccc2c(c1OC)CN1CCc3cc4c(cc3C1C2)OCO4
1191,COc1ccc2c(c1OC)CN1CCc3cc4c(cc3C1C2)OCO4
1192,COc1ccc2c(c1OC)CN1CCc3cc4c(cc3C1C2)OCO4
1193,COc1ccc2c(c1OC)CN1CCc3cc4c(cc3C1C2)OCO4
1194,COc1ccc2c(c1OC)CN1CCc3cc4c(cc3C1C2)OCO4
1195,COc1ccc2c(c1OC)CN1CCc3cc4c(cc3C1C2)OCO4
1196,COc1ccc2c(c1OC)CN1CCc3cc4c(cc3C1C2)OCO4
1197,COc1ccc2c(c1OC)CN1CCc3cc4c(cc3C1C2)OCO4
1198,COc1ccc2c(c1OC)CN1CCc3cc4c(cc3C1C2)OCO4
1199,COc1ccc2c(c1OC)CN1CCc3cc4c(cc3C1C2)OCO4
1200,COc1ccc2c(c1OC)CN1CCc3cc4c(cc3C1C2)OCO4
1201,COc1ccc2c(c1OC)CN1CCc3cc4c(cc3C1C2)OCO4
1202,COc1ccc2c(c1OC)CN1CCc3cc4c(cc3C1C2)OCO4
1203,COc1ccc2c(c1OC)CN1CCc3cc4c(cc3C1C2)OCO4
1204,COc1ccc2c(c1OC)CN1CCc3cc4c(cc3C1C2)OCO4
1205,COc1ccc2c(c1OC)CN1CCc3cc4c(cc3C1C2)OCO4
1206,COc1ccc2c(c1OC)CN1CCc3cc4c(cc3C1C2)OCO4
1207,COc1ccc2c(c1OC)CN1CCc3cc4c(cc3C1C2)OCO4
1208,COc1ccc2c(c1OC)CN1CCc3cc4c(cc3C1C2)OCO4
1209,COc1ccc2c(c1OC)CN1CCc3cc4c(cc3C1C2)OCO4
1210,COc1ccc2c(c1OC)CN1CCc3cc4c(cc3C1C2)OCO4
1211,COc1ccc2c(c1OC)CN1CCc3cc4c(cc3C1C2)OCO4
1212,COc1ccc2c(c1OC)CN1CCc3cc4c(cc3C1C2)OCO4
1213,COc1ccc2c(c1OC)CN1CCc3cc4c(cc3C1C2)OCO4
1214,COc1ccc2c(c1OC)CN1CCc3cc4c(cc3C1C2)OCO4
1215,COc1ccc2c(c1OC)CN1CCc3cc4c(cc3C1C2)OCO4
1216,COc1ccc2c(c1OC)CN1CCc3cc4c(cc3C1C2)OCO4
1217,COc1ccc2c(c1OC)CN1CCc3cc4c(cc3C1C2)OCO4
1218,COc1ccc2c(c1OC)CN1CCc3cc4c(cc3C1C2)OCO4
1219,COc1ccc2c(c1OC)CN1CCc3cc4c(cc3C1C2)OCO4
1220,COc1ccc2c(c1OC)CN1CCc3cc4c(cc3C1C2)OCO4
1221,COc1ccc2c(c1OC)CN1CCc3cc4c(cc3C1C2)OCO4
1222,COc1ccc2c(c1OC)CN1CCc3cc4c(cc3C1C2)OCO4
1223,COc1ccc2c(c1OC)CN1CCc3cc4c(cc3C1C2)OCO4
1224,COc1ccc2c(c1OC)CN1CCc3cc4c(cc3C1C2)OCO4
1225,COc1ccc2c(c1OC)CN1CCc3cc4c(cc3C1C2)OCO4
1226,COc1ccc2c(c1OC)CN1CCc3cc4c(cc3C1C2)OCO4
1227,COc1ccc2c(c1OC)CN1CCc3cc4c(cc3C1C2)OCO4
1228,COc1ccc2c(c1OC)CN1CCc3cc4c(cc3C1C2)OCO4
1229,COc1ccc2c(c1OC)CN1CCc3cc4c(cc3C1C2)OCO4
1230,COc1ccc2c(c1OC)CN1CCc3cc4c(cc3C1C2)OCO4
1231,COc1ccc2c(c1OC)CN1CCc3cc4c(cc3C1C2)OCO4
1232,COc1ccc2c(c1OC)CN1CCc3cc4c(cc3C1C2)OCO4
1233,COc1ccc2c(c1OC)CN1CCc3cc4c(cc3C1C2)OCO4
1234,COc1ccc2c(c1OC)CN1CCc3cc4c(cc3C1C2)OCO4
1235,COc1ccc2c(c1OC)CN1CCc3cc4c(cc3C1C2)OCO4
1236,COc1ccc2c(c1OC)CN1CCc3cc4c(cc3C1C2)OCO4
1237,COc1ccc2c(c1OC)CN1CCc3cc4c(cc3C1C2)OCO4
1238,COc1ccc2c(c1OC)CN1CCc3cc4c(cc3C1C2)OCO4
1239,COc1ccc2c(c1OC)CN1CCc3cc4c(cc3C1C2)OCO4
1240,COc1ccc2c(c1OC)CN1CCc3cc4c(cc3C1C2)OCO4
1241,COc1ccc2c(c1OC)CN1CCc3cc4c(cc3C1C2)OCO4
1242,COc1ccc2c(c1OC)CN1CCc3cc4c(cc3C1C2)OCO4
1243,COc1ccc2c(c1OC)CN1CCc3cc4c(cc3C1C2)OCO4
1244,COc1ccc2c(c1OC)CN1CCc3cc4c(cc3C1C2)OCO4
1245,COc1ccc2c(c1OC)CN1CCc3cc4c(cc3C1C2)OCO4
1246,COc1ccc2c(c1OC)CN1CCc3cc4c(cc3C1C2)OCO4
1247,COc1ccc2c(c1OC)CN1CCc3cc4c(cc3C1C2)OCO4
1248,COc1ccc2c(c1OC)CN1CCc3cc4c(cc3C1C2)OCO4
1249,COc1ccc2c(c1OC)CN1CCc3cc4c(cc3C1C2)OCO4
1250,COc1ccc2c(c1OC)CN1CCc3cc4c(cc3C1C2)OCO4
1251,COc1ccc2c(c1OC)CN1CCc3cc4c(cc3C1C2)OCO4
1252,COc1ccc2c(c1OC)CN1CCc3cc4c(cc3C1C2)OCO4
1253,COc1ccc2c(c1OC)CN1CCc3cc4c(cc3C1C2)OCO4
1254,COc1ccc2c(c1OC)CN1CCc3cc4c(cc3C1C2)OCO4
1255,COc1ccc2c(c1OC)CN1CCc3cc4c(cc3C1C2)OCO4
1256,COc1ccc2c(c1OC)CN1CCc3cc4c(cc3C1C2)OCO4
1257,COc1ccc2c(c1OC)CN1CCc3cc4c(cc3C1C2)OCO4
1258,COc1ccc2c(c1OC)CN1CCc3cc4c(cc3C1C2)OCO4
1259,COc1ccc2c(c1OC)CN1CCc3cc4c(cc3C1C2)OCO4
1260,COc1ccc2c(c1OC)CN1CCc3cc4c(cc3C1C2)OCO4
1261,COc1ccc2c(c1OC)CN1CCc3cc4c(cc3C1C2)OCO4
1262,COc1ccc2c(c1OC)CN1CCc3cc4c(cc3C1C2)OCO4
1263,COc1ccc2c(c1OC)CN1CCc3cc4c(cc3C1C2)OCO4
1264,COc1ccc2c(c1OC)CN1CCc3cc4c(cc3C1C2)OCO4
1265,COc1ccc2c(c1OC)CN1CCc3cc4c(cc3C1C2)OCO4
1266,COc1ccc2c(c1OC)CN1CCc3cc4c(cc3C1C2)OCO4
1267,COc1ccc2c(c1OC)CN1CCc3cc4c(cc3C1C2)OCO4
1268,COc1ccc2c(c1OC)CN1CCc3cc4c(cc3C1C2)OCO4
1269,COc1ccc2c(c1OC)CN1CCc3cc4c(cc3C1C2)OCO4
1270,COc1ccc2c(c1OC)CN1CCc3cc4c(cc3C1C2)OCO4
1271,COc1ccc2c(c1OC)CN1CCc3cc4c(cc3C1C2)OCO4
1272,COc1ccc2c(c1OC)CN1CCc3cc4c(cc3C1C2)OCO4
1273,COc1ccc2c(c1OC)CN1CCc3cc4c(cc3C1C2)OCO4
1274,COc1ccc2c(c1OC)CN1CCc3cc4c(cc3C1C2)OCO4
1275,COc1ccc2c(c1OC)CN1CCc3cc4c(cc3C1C2)OCO4
1276,COc1ccc2c(c1OC)CN1CCc3cc4c(cc3C1C2)OCO4
1277,COc1ccc2c(c1OC)CN1CCc3cc4c(cc3C1C2)OCO4
1278,COc1ccc2c(c1OC)CN1CCc3cc4c(cc3C1C2)OCO4
1279,COc1ccc2c(c1OC)CN1CCc3cc4c(cc3C1C2)OCO4
1280,COc1ccc2c(c1OC)CN1CCc3cc4c(cc3C1C2)OCO4
1281,COc1ccc2c(c1OC)CN1CCc3cc4c(cc3C1C2)OCO4
1282,COc1ccc2c(c1OC)CN1CCc3cc4c(cc3C1C2)OCO4
1283,COc1ccc2c(c1OC)CN1CCc3cc4c(cc3C1C2)OCO4
1284,COc1ccc2c(c1OC)CN1CCc3cc4c(cc3C1C2)OCO4
1285,COc1ccc2c(c1OC)CN1CCc3cc4c(cc3C1C2)OCO4
1286,COc1ccc2c(c1OC)CN1CCc3cc4c(cc3C1C2)OCO4
1287,COc1ccc2c(c1OC)CN1CCc3cc4c(cc3C1C2)OCO4
1288,COc1ccc2c(c1OC)CN1CCc3cc4c(cc3C1C2)OCO4
1289,COc1ccc2c(c1OC)CN1CCc3cc4c(cc3C1C2)OCO4
1290,COc1ccc2c(c1OC)CN1CCc3cc4c(cc3C1C2)OCO4
1291,COc1ccc2c(c1OC)CN1CCc3cc4c(cc3C1C2)OCO4
1292,COc1ccc2c(c1OC)CN1CCc3cc4c(cc3C1C2)OCO4
1293,COc1ccc2c(c1OC)CN1CCc3cc4c(cc3C1C2)OCO4
1294,COc1ccc2c(c1OC)CN1CCc3cc4c(cc3C1C2)OCO4
1295,COc1ccc2c(c1OC)CN1CCc3cc4c(cc3C1C2)OCO4
1296,COc1ccc2c(c1OC)CN1CCc3cc4c(cc3C1C2)OCO4
1297,COc1ccc2c(c1OC)CN1CCc3cc4c(cc3C1C2)OCO4
1298,COc1ccc2c(c1OC)CN1CCc3cc4c(cc3C1C2)OCO4
1299,COc1ccc2c(c1OC)CN1CCc3cc4c(cc3C1C2)OCO4
1300,COc1ccc2c(c1OC)CN1CCc3cc4c(cc3C1C2)OCO4
1301,COc1ccc2c(c1OC)CN1CCc3cc4c(cc3C1C2)OCO4
1302,COc1ccc2c(c1OC)CN1CCc3cc4c(cc3C1C2)OCO4
1303,COc1ccc2c(c1OC)CN1CCc3cc4c(cc3C1C2)OCO4
1304,COc1ccc2c(c1OC)CN1CCc3cc4c(cc3C1C2)OCO4
1305,COc1ccc2c(c1OC)CN1CCc3cc4c(cc3C1C2)OCO4
1306,COc1ccc2c(c1OC)CN1CCc3cc4c(cc3C1C2)OCO4
1307,COc1ccc2c(c1OC)CN1CCc3cc4c(cc3C1C2)OCO4
1308,COc1ccc2c(c1OC)CN1CCc3cc4c(cc3C1C2)OCO4
1309,COc1ccc2c(c1OC)CN1CCc3cc4c(cc3C1C2)OCO4
1310,COc1ccc2c(c1OC)CN1CCc3cc4c(cc3C1C2)OCO4
1311,COc1ccc2c(c1OC)CN1CCc3cc4c(cc3C1C2)OCO4
1312,COc1ccc2c(c1OC)CN1CCc3cc4c(cc3C1C2)OCO4
1313,COc1ccc2c(c1OC)CN1CCc3cc4c(cc3C1C2)OCO4
1314,COc1ccc2c(c1OC)CN1CCc3cc4c(cc3C1C2)OCO4
1315,COc1ccc2c(c1OC)CN1CCc3cc4c(cc3C1C2)OCO4
1316,COc1ccc2c(c1OC)CN1CCc3cc4c(cc3C1C2)OCO4
1317,COc1ccc2c(c1OC)CN1CCc3cc4c(cc3C1C2)OCO4
1318,COc1ccc2c(c1OC)CN1CCc3cc4c(cc3C1C2)OCO4
1319,COc1ccc2c(c1OC)CN1CCc3cc4c(cc3C1C2)OCO4
1320,COc1ccc2c(c1OC)CN1CCc3cc4c(cc3C1C2)OCO4
1321,COc1ccc2c(c1OC)CN1CCc3cc4c(cc3C1C2)OCO4
1322,COc1ccc2c(c1OC)CN1CCc3cc4c(cc3C1C2)OCO4
1323,COc1ccc2c(c1OC)CN1CCc3cc4c(cc3C1C2)OCO4
1324,COc1ccc2c(c1OC)CN1CCc3cc4c(cc3C1C2)OCO4
1325,COc1ccc2c(c1OC)CN1CCc3cc4c(cc3C1C2)OCO4
1326,COc1ccc2c(c1OC)CN1CCc3cc4c(cc3C1C2)OCO4
1327,COc1ccc2c(c1OC)CN1CCc3cc4c(cc3C1C2)OCO4
1328,COc1ccc2c(c1OC)CN1CCc3cc4c(cc3C1C2)OCO4
1329,COc1ccc2c(c1OC)CN1CCc3cc4c(cc3C1C2)OCO4
1330,COc1ccc2c(c1OC)CN1CCc3cc4c(cc3C1C2)OCO4
1331,COc1ccc2c(c1OC)CN1CCc3cc4c(cc3C1C2)OCO4
1332,COc1ccc2c(c1OC)CN1CCc3cc4c(cc3C1C2)OCO4
1333,COc1ccc2c(c1OC)CN1CCc3cc4c(cc3C1C2)OCO4
1334,COc1ccc2c(c1OC)CN1CCc3cc4c(cc3C1C2)OCO4
1335,COc1ccc2c(c1OC)CN1CCc3cc4c(cc3C1C2)OCO4
1336,COc1ccc2c(c1OC)CN1CCc3cc4c(cc3C1C2)OCO4
1337,COc1ccc2c(c1OC)CN1CCc3cc4c(cc3C1C2)OCO4
1338,COc1ccc2c(c1OC)CN1CCc3cc4c(cc3C1C2)OCO4
1339,COc1ccc2c(c1OC)CN1CCc3cc4c(cc3C1C2)OCO4
1340,COc1ccc2c(c1OC)CN1CCc3cc4c(cc3C1C2)OCO4
1341,COc1ccc2c(c1OC)CN1CCc3cc4c(cc3C1C2)OCO4
1342,COc1ccc2c(c1OC)CN1CCc3cc4c(cc3C1C2)OCO4
1343,COc1ccc2c(c1OC)CN1CCc3cc4c(cc3C1C2)OCO4
1344,COc1ccc2c(c1OC)CN1CCc3cc4c(cc3C1C2)OCO4
1345,COc1ccc2c(c1OC)CN1CCc3cc4c(cc3C1C2)OCO4
1346,COc1ccc2c(c1OC)CN1CCc3cc4c(cc3C1C2)OCO4
1347,COc1ccc2c(c1OC)CN1CCc3cc4c(cc3C1C2)OCO4
1348,COc1ccc2c(c1OC)CN1CCc3cc4c(cc3C1C2)OCO4
1349,COc1ccc2c(c1OC)CN1CCc3cc4c(cc3C1C2)OCO4
1350,COc1ccc2c(c1OC)CN1CCc3cc4c(cc3C1C2)OCO4
1351,COc1ccc2c(c1OC)CN1CCc3cc4c(cc3C1C2)OCO4
1352,COc1ccc2c(c1OC)CN1CCc3cc4c(cc3C1C2)OCO4
1353,COc1ccc2c(c1OC)CN1CCc3cc4c(cc3C1C2)OCO4
1354,COc1ccc2c(c1OC)CN1CCc3cc4c(cc3C1C2)OCO4
1355,COc1ccc2c(c1OC)CN1CCc3cc4c(cc3C1C2)OCO4
1356,COc1ccc2c(c1OC)CN1CCc3cc4c(cc3C1C2)OCO4
1357,COc1ccc2c(c1OC)CN1CCc3cc4c(cc3C1C2)OCO4
1358,COc1ccc2c(c1OC)CN1CCc3cc4c(cc3C1C2)OCO4
1359,COc1ccc2c(c1OC)CN1CCc3cc4c(cc3C1C2)OCO4
1360,COc1ccc2c(c1OC)CN1CCc3cc4c(cc3C1C2)OCO4
1361,COc1ccc2c(c1OC)CN1CCc3cc4c(cc3C1C2)OCO4
1362,COc1ccc2c(c1OC)CN1CCc3cc4c(cc3C1C2)OCO4
1363,COc1ccc2c(c1OC)CN1CCc3cc4c(cc3C1C2)OCO4
1364,COc1ccc2c(c1OC)CN1CCc3cc4c(cc3C1C2)OCO4
1365,COc1ccc2c(c1OC)CN1CCc3cc4c(cc3C1C2)OCO4
1366,COc1ccc2c(c1OC)CN1CCc3cc4c(cc3C1C2)OCO4
1367,COc1ccc2c(c1OC)CN1CCc3cc4c(cc3C1C2)OCO4
1368,COc1ccc2c(c1OC)CN1CCc3cc4c(cc3C1C2)OCO4
1369,COc1ccc2c(c1OC)CN1CCc3cc4c(cc3C1C2)OCO4
1370,COc1ccc2c(c1OC)CN1CCc3cc4c(cc3C1C2)OCO4
1371,COc1ccc2c(c1OC)CN1CCc3cc4c(cc3C1C2)OCO4
1372,COc1ccc2c(c1OC)CN1CCc3cc4c(cc3C1C2)OCO4
1373,COc1ccc2c(c1OC)CN1CCc3cc4c(cc3C1C2)OCO4
1374,COc1ccc2c(c1OC)CN1CCc3cc4c(cc3C1C2)OCO4
1375,COc1ccc2c(c1OC)CN1CCc3cc4c(cc3C1C2)OCO4
1376,COc1ccc2c(c1OC)CN1CCc3cc4c(cc3C1C2)OCO4
1377,COc1ccc2c(c1OC)CN1CCc3cc4c(cc3C1C2)OCO4
1378,COc1ccc2c(c1OC)CN1CCc3cc4c(cc3C1C2)OCO4
1379,COc1ccc2c(c1OC)CN1CCc3cc4c(cc3C1C2)OCO4
1380,COc1ccc2c(c1OC)CN1CCc3cc4c(cc3C1C2)OCO4
1381,COc1ccc2c(c1OC)CN1CCc3cc4c(cc3C1C2)OCO4
1382,COc1ccc2c(c1OC)CN1CCc3cc4c(cc3C1C2)OCO4
1383,COc1ccc2c(c1OC)CN1CCc3cc4c(cc3C1C2)OCO4
1384,COc1ccc2c(c1OC)CN1CCc3cc4c(cc3C1C2)OCO4
1385,COc1ccc2c(c1OC)CN1CCc3cc4c(cc3C1C2)OCO4
1386,COc1ccc2c(c1OC)CN1CCc3cc4c(cc3C1C2)OCO4
1387,COc1ccc2c(c1OC)CN1CCc3cc4c(cc3C1C2)OCO4
1388,COc1ccc2c(c1OC)CN1CCc3cc4c(cc3C1C2)OCO4
1389,COc1ccc2c(c1OC)CN1CCc3cc4c(cc3C1C2)OCO4
1390,COc1ccc2c(c1OC)CN1CCc3cc4c(cc3C1C2)OCO4
1391,COc1ccc2c(c1OC)CN1CCc3cc4c(cc3C1C2)OCO4
1392,COc1ccc2c(c1OC)CN1CCc3cc4c(cc3C1C2)OCO4
1393,COc1ccc2c(c1OC)CN1CCc3cc4c(cc3C1C2)OCO4
1394,COc1ccc2c(c1OC)CN1CCc3cc4c(cc3C1C2)OCO4
1395,COc1ccc2c(c1OC)CN1CCc3cc4c(cc3C1C2)OCO4
1396,COc1ccc2c(c1OC)CN1CCc3cc4c(cc3C1C2)OCO4
1397,COc1ccc2c(c1OC)CN1CCc3cc4c(cc3C1C2)OCO4
1398,COc1ccc2c(c1OC)CN1CCc3cc4c(cc3C1C2)OCO4
1399,COc1ccc2c(c1OC)CN1CCc3cc4c(cc3C1C2)OCO4
1400,COc1ccc2c(c1OC)CN1CCc3cc4c(cc3C1C2)OCO4
1401,COc1ccc2c(c1OC)CN1CCc3cc4c(cc3C1C2)OCO4
1402,COc1ccc2c(c1OC)CN1CCc3cc4c(cc3C1C2)OCO4
1403,COc1ccc2c(c1OC)CN1CCc3cc4c(cc3C1C2)OCO4
1404,COc1ccc2c(c1OC)CN1CCc3cc4c(cc3C1C2)OCO4
1405,COc1ccc2c(c1OC)CN1CCc3cc4c(cc3C1C2)OCO4
1406,COc1ccc2c(c1OC)CN1CCc3cc4c(cc3C1C2)OCO4
1407,COc1ccc2c(c1OC)CN1CCc3cc4c(cc3C1C2)OCO4
1408,COc1ccc2c(c1OC)CN1CCc3cc4c(cc3C1C2)OCO4
1409,COc1ccc2c(c1OC)CN1CCc3cc4c(cc3C1C2)OCO4
1410,COc1ccc2c(c1OC)CN1CCc3cc4c(cc3C1C2)OCO4
1411,COc1ccc2c(c1OC)CN1CCc3cc4c(cc3C1C2)OCO4
1412,COc1ccc2c(c1OC)CN1CCc3cc4c(cc3C1C2)OCO4
1413,COc1ccc2c(c1OC)CN1CCc3cc4c(cc3C1C2)OCO4
1414,COc1ccc2c(c1OC)CN1CCc3cc4c(cc3C1C2)OCO4
1415,COc1ccc2c(c1OC)CN1CCc3cc4c(cc3C1C2)OCO4
1416,COc1ccc2c(c1OC)CN1CCc3cc4c(cc3C1C2)OCO4
1417,COc1ccc2c(c1OC)CN1CCc3cc4c(cc3C1C2)OCO4
1418,COc1ccc2c(c1OC)CN1CCc3cc4c(cc3C1C2)OCO4
1419,COc1ccc2c(c1OC)CN1CCc3cc4c(cc3C1C2)OCO4
1420,COc1ccc2c(c1OC)CN1CCc3cc4c(cc3C1C2)OCO4
1421,COc1ccc2c(c1OC)CN1CCc3cc4c(cc3C1C2)OCO4
1422,COc1ccc2c(c1OC)CN1CCc3cc4c(cc3C1C2)OCO4
1423,COc1ccc2c(c1OC)CN1CCc3cc4c(cc3C1C2)OCO4
1424,COc1ccc2c(c1OC)CN1CCc3cc4c(cc3C1C2)OCO4
1425,COc1ccc2c(c1OC)CN1CCc3cc4c(cc3C1C2)OCO4
1426,COc1ccc2c(c1OC)CN1CCc3cc4c(cc3C1C2)OCO4
1427,COc1ccc2c(c1OC)CN1CCc3cc4c(cc3C1C2)OCO4
1428,COc1ccc2c(c1OC)CN1CCc3cc4c(cc3C1C2)OCO4
1429,COc1ccc2c(c1OC)CN1CCc3cc4c(cc3C1C2)OCO4
1430,COc1ccc2c(c1OC)CN1CCc3cc4c(cc3C1C2)OCO4
1431,COc1ccc2c(c1OC)CN1CCc3cc4c(cc3C1C2)OCO4
1432,COc1ccc2c(c1OC)CN1CCc3cc4c(cc3C1C2)OCO4
1433,COc1ccc2c(c1OC)CN1CCc3cc4c(cc3C1C2)OCO4
1434,COc1ccc2c(c1OC)CN1CCc3cc4c(cc3C1C2)OCO4
1435,COc1ccc2c(c1OC)CN1CCc3cc4c(cc3C1C2)OCO4
1436,COc1ccc2c(c1OC)CN1CCc3cc4c(cc3C1C2)OCO4
1437,COc1ccc2c(c1OC)CN1CCc3cc4c(cc3C1C2)OCO4
1438,COc1ccc2c(c1OC)CN1CCc3cc4c(cc3C1C2)OCO4
1439,COc1ccc2c(c1OC)CN1CCc3cc4c(cc3C1C2)OCO4
1440,COc1ccc2c(c1OC)CN1CCc3cc4c(cc3C1C2)OCO4
1441,COc1ccc2c(c1OC)CN1CCc3cc4c(cc3C1C2)OCO4
1442,COc1ccc2c(c1OC)CN1CCc3cc4c(cc3C1C2)OCO4
1443,COc1ccc2c(c1OC)CN1CCc3cc4c(cc3C1C2)OCO4
1444,COc1ccc2c(c1OC)CN1CCc3cc4c(cc3C1C2)OCO4
1445,COc1ccc2c(c1OC)CN1CCc3cc4c(cc3C1C2)OCO4
1446,COc1ccc2c(c1OC)CN1CCc3cc4c(cc3C1C2)OCO4
1447,COc1ccc2c(c1OC)CN1CCc3cc4c(cc3C1C2)OCO4
1448,COc1ccc2c(c1OC)CN1CCc3cc4c(cc3C1C2)OCO4
1449,COc1ccc2c(c1OC)CN1CCc3cc4c(cc3C1C2)OCO4
1450,COc1ccc2c(c1OC)CN1CCc3cc4c(cc3C1C2)OCO4
1451,COc1ccc2c(c1OC)CN1CCc3cc4c(cc3C1C2)OCO4
1452,COc1ccc2c(c1OC)CN1CCc3cc4c(cc3C1C2)OCO4
1453,COc1ccc2c(c1OC)CN1CCc3cc4c(cc3C1C2)OCO4
1454,COc1ccc2c(c1OC)CN1CCc3cc4c(cc3C1C2)OCO4
1455,COc1ccc2c(c1OC)CN1CCc3cc4c(cc3C1C2)OCO4
1456,COc1ccc2c(c1OC)CN1CCc3cc4c(cc3C1C2)OCO4
1457,COc1ccc2c(c1OC)CN1CCc3cc4c(cc3C1C2)OCO4
1458,COc1ccc2c(c1OC)CN1CCc3cc4c(cc3C1C2)OCO4
1459,COc1ccc2c(c1OC)CN1CCc3cc4c(cc3C1C2)OCO4
1460,COc1ccc2c(c1OC)CN1CCc3cc4c(cc3C1C2)OCO4
1461,COc1ccc2c(c1OC)CN1CCc3cc4c(cc3C1C2)OCO4
1462,COc1ccc2c(c1OC)CN1CCc3cc4c(cc3C1C2)OCO4
1463,COc1ccc2c(c1OC)CN1CCc3cc4c(cc3C1C2)OCO4
1464,COc1ccc2c(c1OC)CN1CCc3cc4c(cc3C1C2)OCO4
1465,COc1ccc2c(c1OC)CN1CCc3cc4c(cc3C1C2)OCO4
1466,COc1ccc2c(c1OC)CN1CCc3cc4c(cc3C1C2)OCO4
1467,COc1ccc2c(c1OC)CN1CCc3cc4c(cc3C1C2)OCO4
1468,COc1ccc2c(c1OC)CN1CCc3cc4c(cc3C1C2)OCO4
1469,COc1ccc2c(c1OC)CN1CCc3cc4c(cc3C1C2)OCO4
1470,COc1ccc2c(c1OC)CN1CCc3cc4c(cc3C1C2)OCO4
1471,COc1ccc2c(c1OC)CN1CCc3cc4c(cc3C1C2)OCO4
1472,COc1ccc2c(c1OC)CN1CCc3cc4c(cc3C1C2)OCO4
1473,COc1ccc2c(c1OC)CN1CCc3cc4c(cc3C1C2)OCO4
1474,COc1ccc2c(c1OC)CN1CCc3cc4c(cc3C1C2)OCO4
1475,COc1ccc2c(c1OC)CN1CCc3cc4c(cc3C1C2)OCO4
1476,COc1ccc2c(c1OC)CN1CCc3cc4c(cc3C1C2)OCO4
1477,COc1ccc2c(c1OC)CN1CCc3cc4c(cc3C1C2)OCO4
1478,COc1ccc2c(c1OC)CN1CCc3cc4c(cc3C1C2)OCO4
1479,COc1ccc2c(c1OC)CN1CCc3cc4c(cc3C1C2)OCO4
1480,COc1ccc2c(c1OC)CN1CCc3cc4c(cc3C1C2)OCO4
1481,COc1ccc2c(c1OC)CN1CCc3cc4c(cc3C1C2)OCO4
1482,COc1ccc2c(c1OC)CN1CCc3cc4c(cc3C1C2)OCO4
1483,COc1ccc2c(c1OC)CN1CCc3cc4c(cc3C1C2)OCO4
1484,COc1ccc2c(c1OC)CN1CCc3cc4c(cc3C1C2)OCO4
1485,COc1ccc2c(c1OC)CN1CCc3cc4c(cc3C1C2)OCO4
1486,COc1ccc2c(c1OC)CN1CCc3cc4c(cc3C1C2)OCO4
1487,COc1ccc2c(c1OC)CN1CCc3cc4c(cc3C1C2)OCO4
1488,COc1ccc2c(c1OC)CN1CCc3cc4c(cc3C1C2)OCO4
1489,COc1ccc2c(c1OC)CN1CCc3cc4c(cc3C1C2)OCO4
1490,COc1ccc2c(c1OC)CN1CCc3cc4c(cc3C1C2)OCO4
1491,COc1ccc2c(c1OC)CN1CCc3cc4c(cc3C1C2)OCO4
1492,COc1ccc2c(c1OC)CN1CCc3cc4c(cc3C1C2)OCO4
1493,COc1ccc2c(c1OC)CN1CCc3cc4c(cc3C1C2)OCO4
1494,COc1ccc2c(c1OC)CN1CCc3cc4c(cc3C1C2)OCO4
1495,COc1ccc2c(c1OC)CN1CCc3cc4c(cc3C1C2)OCO4
1496,COc1ccc2c(c1OC)CN1CCc3cc4c(cc3C1C2)OCO4
1497,COc1ccc2c(c1OC)CN1CCc3cc4c(cc3C1C2)OCO4
1498,COc1ccc2c(c1OC)CN1CCc3cc4c(cc3C1C2)OCO4
1499,COc1ccc2c(c1OC)CN1CCc3cc4c(cc3C1C2)OCO4
1500,COc1ccc2c(c1OC)CN1CCc3cc4c(cc3C1C2)OCO4
1501,COc1ccc2c(c1OC)CN1CCc3cc4c(cc3C1C2)OCO4
1502,COc1ccc2c(c1OC)CN1CCc3cc4c(cc3C1C2)OCO4
1503,COc1ccc2c(c1OC)CN1CCc3cc4c(cc3C1C2)OCO4
1504,COc1ccc2c(c1OC)CN1CCc3cc4c(cc3C1C2)OCO4
1505,COc1ccc2c(c1OC)CN1CCc3cc4c(cc3C1C2)OCO4
1506,COc1ccc2c(c1OC)CN1CCc3cc4c(cc3C1C2)OCO4
1507,COc1ccc2c(c1OC)CN1CCc3cc4c(cc3C1C2)OCO4
1508,COc1ccc2c(c1OC)CN1CCc3cc4c(cc3C1C2)OCO4
1509,COc1ccc2c(c1OC)CN1CCc3cc4c(cc3C1C2)OCO4
1510,COc1ccc2c(c1OC)CN1CCc3cc4c(cc3C1C2)OCO4
1511,COc1ccc2c(c1OC)CN1CCc3cc4c(cc3C1C2)OCO4
1512,COc1ccc2c(c1OC)CN1CCc3cc4c(cc3C1C2)OCO4
